sektor,kelurahan,kecamatan,wilayah_kota,alamat,latitude,longitude,Keterangan
I,,Gambir,Jakarta Pusat,"Jl. Hasyim Asyhari, Gg. Subur",-6.165291,106.83187,
I,,Gambir,Jakarta Pusat,Jl. Ternate Huk / Jl. Biak,-6.168719,106.808289,
I,,Gambir,Jakarta Pusat,Jl. Sangau,-6.169876,106.804261,
I,,Gambir,Jakarta Pusat,Jl.  Citarum,-6.169876,106.804261,
I,,Gambir,Jakarta Pusat,Jl. Belawan Huk / Jl. Siantar,-6.172827,106.808851,
I,,Gambir,Jakarta Pusat,Jl.  Tanah Abang V Huk Abdul Muis,-6.179389,106.818127,
I,,Gambir,Jakarta Pusat,Jl.  Musi Huk / Jl. Batang Hari,-6.174156,106.809462,
I,,Gambir,Jakarta Pusat,"Gor Kmakmuran, Jl. Hasyim Ashari",-6.165066,106.816707,
I,,Gambir,Jakarta Pusat,"Golden truly, Jl.  Suryo Pranoto",-6.168823,106.819592,
I,,Gambir,Jakarta Pusat,"Bank Royal, Jl.  AM. Sangaji",-6.170059,106.814721,
I,,Gambir,Jakarta Pusat,"Pasar Petojo, Jl. AM.Sangaji",-6.162898,106.812582,
I,,Gambir,Jakarta Pusat,"Gereja Imanuel, Jl.  Ridwan Rais",-6.177006,106.831277,
I,,Gambir,Jakarta Pusat,"Patung Tani, Jl.  Ridwan Rais Huk",-6.182612,106.833769,
I,,Gambir,Jakarta Pusat,"Halte Bus, Jl.  Pejambon",-6.175621,106.832633,
II,,Tanah Abang,Jakarta Pusat,"Dep. BCA, Jl.  Wahid Hasyim",-6.187166,106.817178,
II,,Tanah Abang,Jakarta Pusat,"Jl.  Wahid Hasyim Huk, M.Husni Thamrin",-6.187147,106.822897,
II,,Tanah Abang,Jakarta Pusat,Jl.  Kebon Kacang XI Huk XIII,-6.189094,106.821382,
II,,Tanah Abang,Jakarta Pusat,"SD. Sport, Jl. Kebon Kacang Raya  ",-6.193916,106.817881,
II,,Tanah Abang,Jakarta Pusat,"Kantor Lurah, Jl.  KH. Mas Mansyur",-6.18893,106.815441,
II,,Tanah Abang,Jakarta Pusat,"Kantor Camat, Jl.  KH. Mas Mansyur",-6.1909,106.814983,
II,,Tanah Abang,Jakarta Pusat,"Jl.  Plaju, HUK / Jl.  Tanjung Karang",-6.200942,106.822478,
II,,Tanah Abang,Jakarta Pusat,Jl.  Talang Betutu Huk / Jl.  Martapura,-6.201091,106.820195,
II,,Tanah Abang,Jakarta Pusat,"Depan Stasiun, Jl.  Jatibaru",-6.185248,106.811124,
II,,Tanah Abang,Jakarta Pusat,"Jati Bunder, Jl. Jembatan Tinggi",-6.189982,106.812896,
II,,Tanah Abang,Jakarta Pusat,"LIPPO BANK Benhil, Jl. Jend Sudirman",-6.219083,106.814693,
II,,Tanah Abang,Jakarta Pusat,"Komp. Kejagung, Jl.  Administrasi",-6.201084,106.806741,
II,,Tanah Abang,Jakarta Pusat,Jl. Bendungan Hilir No. 165 ,-6.213635,106.813223,
II,,Tanah Abang,Jakarta Pusat,"RS.AL, Jl. Bendungan Hilir Barat",-6.210341,106.812398,
II,,Tanah Abang,Jakarta Pusat,Jl. Bendungan Jatiluhur No. 37,-6.2152,106.812325,
II,,Tanah Abang,Jakarta Pusat,Jl. Karet Pasar Baru Barat I,-6.205779,106.810463,
II,,Tanah Abang,Jakarta Pusat,"Gd. Pemuda, Jl. Gerbang Pemuda",-6.213449,106.802753,
II,,Tanah Abang,Jakarta Pusat,"Pintu I , Jl. Asia Afrika",-6.220978,106.798804,
II,,Tanah Abang,Jakarta Pusat,"Pasar PaImerah, Jl. Pal Merah Utara No. 117",-6.207193,106.796221,
II,,Tanah Abang,Jakarta Pusat,"Manggala Wahana Bhakti, Jl. Arteri",-6.206473,106.802155,
II,,Tanah Abang,Jakarta Pusat,"Sudin Pemakaman, Jl. Ks. Tubun",-6.197625,106.80396,
II,,Tanah Abang,Jakarta Pusat,"Sebrang RS. Krisna, Jl. Ks. Tubun",-6.193191,106.805458,
II,,Tanah Abang,Jakarta Pusat,"Mess Perikanan, Jl. Petamburan VI",-6.201337,106.803102,
II,,Tanah Abang,Jakarta Pusat,Jl. Petemburan I Pos RW002,-6.19055,106.80711,
II,,Tanah Abang,Jakarta Pusat,"Kantor Lurah, Jl. Petamburan II",-6.196409,106.8048,
II,,Tanah Abang,Jakarta Pusat,"Sekolah Bethel, Jl. Petamburan IV",-6.195804,106.804972,
V,,Cempaka Putih,Jakarta Pusat,"Bengkel Khatulistiwa, Jl. Pramuka",-6.192144,106.867896,
V,,Cempaka Putih,Jakarta Pusat,"Komplek AL, Jl. Pramuka",-6.191797,106.871453,
VIII,,Sawah Besar,Jakarta Pusat,"BCA, Jl. Pintu Air Raya",-6.16529,106.83187,
VIII,,Sawah Besar,Jakarta Pusat,"Jl. Krekot Bunder Huk, Krekot IV ",-6.15947,106.831637,
VIII,,Sawah Besar,Jakarta Pusat,"Dekat Rel KA, Jl. Lautze No. 6",-6.159712,106.827812,
VIII,,Sawah Besar,Jakarta Pusat,"Dunkin Donat, Jl. Karang Anyar",-6.148851,106.826987,
VIII,,Sawah Besar,Jakarta Pusat,"Sekolah Budimulya, Jl. Minggu Besar Raya",-6.148155,106.828414,
VIII,,Sawah Besar,Jakarta Pusat,"RS. Husada, Jl. Mangga Besar Raya",-6.14789,106.829986,
VIII,,Sawah Besar,Jakarta Pusat,Jl. P. Jayakarta No.85 B ,-6.140354,106.829774,
VIII,,Sawah Besar,Jakarta Pusat,"Perum BJI, Jl. Mangga Dua Abdad",-6.140222,106.829429,
VIII,,Sawah Besar,Jakarta Pusat,"Yayasan Triwibawa, Jl. Rajawali Selatan I",-6.146341,106.837797,
VIII,,Sawah Besar,Jakarta Pusat,"Gereja Ayam, Jl. H. Saman Hudi",-6.160542,106.834151,
VIII,,Sawah Besar,Jakarta Pusat,"KFC (Ps.96/97), Jl. Pasar Baru",-6.16297,106.83322,
VIII,,Sawah Besar,Jakarta Pusat,"Metro Atom, Jl. Pasar Baru",-6.161146,106.832649,
VIII,,Sawah Besar,Jakarta Pusat,"Toko Sin Lie Seng, Jl. Pasar Baru",-6.1642439,106.8340969,
VIII,,Sawah Besar,Jakarta Pusat,"Toko Canada, Jl. Pasar Baru",-6.1636252,106.833818,
I,Cipulir,Kebayoran Lama,Jakarta Selatan,"Depan SESKOAL, Jl. Ciledug Raya",-6.238087,106.772017,
I,Cipulir,Kebayoran Lama,Jakarta Selatan,"Depan POS Pemadam Cipulir, Jl. Ciledug Raya",-6.237955,106.76773,
I,Cipulir,Kebayoran Lama,Jakarta Selatan,"Depan Perguruan Muhammadiyah, Jl. Panjang Cidodol",-6.234554,106.771973,
I,Cipulir,Kebayoran Lama,Jakarta Selatan,"Komplek Lemigas, Jl. Panjang Cidodol Hook",-6.237936,106.767287,Tertutup Pohon
I,Grogol Utara,Kebayoran Lama,Jakarta Selatan,"Depan Masjid Asirot, Jl. Asirot",-6.225498,106.777707,
I,Grogol Utara,Kebayoran Lama,Jakarta Selatan,"Depan Apotik, Jl. Asirot Depan Rumah No. 26A",-6.225593,106.774952,
I,Grogol Utara,Kebayoran Lama,Jakarta Selatan,"Depan Toko Dewi / Rmh F1-1C, Jl. Kemandoran VIII ",-6.2107408,106.7843843,Tertutup Taman
I,Grogol Utara,Kebayoran Lama,Jakarta Selatan,"Depan  Masjid Al-Azhar, Jl. Kemandoran Raya",-6.210731,106.790205,
I,Grogol Selatan,Kebayoran Lama,Jakarta Selatan,"Univ. Moestopo, Jl. Simpruk ",-6.229284,106.796412,Tertutup Warung K5
I,Grogol Selatan,Kebayoran Lama,Jakarta Selatan,Jl. Kebayoran Lama / Jl. Limo,-6.224979,106.7785,
I,Grogol Selatan,Kebayoran Lama,Jakarta Selatan,"Depan Pertokoan Pasir Bata Putih, Jl. Kebayoran Lama ",-6.235118,106.784576,
I,Grogol Selatan,Kebayoran Lama,Jakarta Selatan,Jl. Kebayoran Lama Hook / Jl. H. Jiban,-6.23366,106.780392,Tertutup Warung K5
I,Pondok Pinang,Kebayoran Lama,Jakarta Selatan,"Depan Masjid Agung, Jl. Ciputat Raya ",-6.31065,106.747258,As Dol
I,Pondok Pinang,Kebayoran Lama,Jakarta Selatan,"Depan Rumah No. 26, Jl. Metro Pondok Indah",-6.281372,106.78039,
I,Pondok Pinang,Kebayoran Lama,Jakarta Selatan,Gd. Hijau Raya / Jl. Bukit Hijau No. 9,-6.279712,106.779159,
I,Pondok Pinang,Kebayoran Lama,Jakarta Selatan,"Jl. Kartika Utama Hook, Jl. Alam Elok No. 8",-6.265139,106.78168,
I,Pondok Pinang,Kebayoran Lama,Jakarta Selatan,"Depan Fed Ex, Jl. Ciputat Raya",-6.280198,106.772294,
I,Pondok Pinang,Kebayoran Lama,Jakarta Selatan,"Depan Pabrik AQUA, Jl. Ciputat Raya Hook / Jl. Goden",-6.267862,106.774966,
I,Pondok Pinang,Kebayoran Lama,Jakarta Selatan,"Depan Puskesmas, Jl. Ciputat Raya Dekat Jl. Kenanga",-6.249753,106.778049,Tutup Meter & Mangkok Hilang 
I,Pondok Pinang,Kebayoran Lama,Jakarta Selatan,"Metro Pondok Indah, Jl. Tb. Simatupang",-6.288012,106.777946,
I,Pondok Pinang,Kebayoran Lama,Jakarta Selatan,Jl. Gedung Hijau I Dekat Jalan Bukit Hijau I,-6.276602,106.776463,
I,Pondok Pinang,Kebayoran Lama,Jakarta Selatan,"Depan Kantor Pemadam, Jl. Pasar Jumat",-6.289206,106.775036,
I,Pondok Pinang,Kebayoran Lama,Jakarta Selatan,"Depan Pondok Pinang Centre, Jl. Ciputat Raya ",-6.273549,106.773966,
I,Pondok Pinang,Kebayoran Lama,Jakarta Selatan,"Pasar Pondok Indah Sebrang Kantor Pajak, Jl. Ciputat Raya ",-6.26066,106.77618,
I,Kebayoran Lama Utara,Kebayoran Lama,Jakarta Selatan,"Depan Masjid Al-Ahyar, Jl. Kramat I",-6.234558,106.784831,
I,Kebayoran Lama Utara,Kebayoran Lama,Jakarta Selatan,"Depan Pos Pemadam Tanah Kusir, Jl. Ciputat Raya",-6.250081,106.778098,
I,Kebayoran Lama Utara,Kebayoran Lama,Jakarta Selatan,"Jl. Tanah Kusir Sebrang, Jl. Nimun Raya",-6.253154,106.773685,Mangkok Hilang 2 Buah
I,Kebayoran Lama Utara,Kebayoran Lama,Jakarta Selatan,"Jl. Ciputat Raya, Jl. Pelita",-6.251305,106.778268,
I,Kebayoran Lama Utara,Kebayoran Lama,Jakarta Selatan,"Dekat Rel Kereta, Jl. Bendi Depan Rumah No. 34",-6.248627,106.773817,Rehab Tahun 2012
I,Kebayoran Lama Utara,Kebayoran Lama,Jakarta Selatan,"Samping SMA 47, Jl. Delman Utama",-6.247523,106.772719,
I,Kebayoran Lama Selatan,Kebayoran Lama,Jakarta Selatan,"Jl. Ciputat Raya, Dekat Jl. Kodam",-6.256413,106.777455,Mangkok Hilang 2 Buah
I,Kebayoran Lama Selatan,Kebayoran Lama,Jakarta Selatan,"Depan TB. BERDIKARI, Jl. Ciputat Raya ",-6.243845,106.78054,
I,Kebayoran Lama Selatan,Kebayoran Lama,Jakarta Selatan,Jl. KH.M. Safii Hook / Jl. Dukuh,-6.24576,106.784769,
I,Kebayoran Lama Selatan,Kebayoran Lama,Jakarta Selatan,"Jl. St. Iskandar Muda, Dekat Jl. Bungur II",-6.247703,106.781357,Tertutup Warung
I,Kebayoran Lama Selatan,Kebayoran Lama,Jakarta Selatan,Jl. St. Iskandar Muda Kostrad,-6.256061,106.781723,
I,Kebayoran Lama Selatanatan,Kebayoran Lama,Jakarta Selatan,"Depan Graha Ismoyo, Jl. St. Iskandar Muda ",-6.252092,106.781654,
II,Melawai,Kebayoran Baru,Jakarta Selatan,"Depan Puskesmas Kebayoran Baru, Jl. St. Iskandarsyah",-6.247183,106.80572,Rehab Tahun 2013
II,Melawai,Kebayoran Baru,Jakarta Selatan,Jl. Sultan Hasanudin Sebrang Kejaksaan Agung,-6.241714,106.798564,Rencana Pembangunan MRT
II,Melawai,Kebayoran Baru,Jakarta Selatan,"Pintu Masuk Carrefour Blok M, Jl. St. Iskandarsyah ",-6.245882,106.802517,BolaBola Macet
II,Melawai,Kebayoran Baru,Jakarta Selatan," Depan Asrama PTIK, Jl. Wijaya",-6.245917,106.807223,
II,Melawai,Kebayoran Baru,Jakarta Selatan,"Jl. Panglima Polim IX, Sebrang Alfamidi",-6.249708,106.799471,
II,Melawai,Kebayoran Baru,Jakarta Selatan,"Prapatan Wijaya, Jl. Woltermongunsidi",-6.238834,106.815292,
II,Melawai,Kebayoran Baru,Jakarta Selatan,"Jl. Tirtayasa Hook, Jl. Iskandarsyah I",-6.244716,106.805021,"As Dol, Tutup Meteran Hilang"
II,Melawai,Kebayoran Baru,Jakarta Selatan,"Depan Peruri, Jl. Faletehan",-6.240788,106.800847,"As Macet,BolaBola Macet"
II,Melawai,Kebayoran Baru,Jakarta Selatan,"Depan Ex SPBU, Jl. Melawai Raya",-6.245878,106.801438,BolaBola Macet
II,Melawai,Kebayoran Baru,Jakarta Selatan,Jl. Woltermangunsidi Hook / Jl. Cikajang,-6.239006,106.810987,
II,Melawai,Kebayoran Baru,Jakarta Selatan,"Jl. Woltermangunsidi, Sebrang STM Penerbangan  ",-6.239133,106.80812,
II,Melawai,Kebayoran Baru,Jakarta Selatan,"Depan SMP 12, Jl. Wijaya IX",-6.249727,106.802909,
II,Melawai,Kebayoran Baru,Jakarta Selatan,"Jl. Panglima Polim, Hook / Jl. Benda I",-6.25056,106.797391,Rencana Pembangunan MRT
II,Kramat Pela,Kebayoran Baru,Jakarta Selatan,"Depan GOR, Jl. Bulungan",-6.242354,106.796121,As Macet
II,Kramat Pela,Kebayoran Baru,Jakarta Selatan,"Depan Optik Melawai, Jl. Melawai ",-6.245901,106.797706,
II,Kramat Pela,Kebayoran Baru,Jakarta Selatan,"Depan Pasar Taman Puring, Jl. Kyai Maja",-6.240937,106.789006,
II,Kramat Pela,Kebayoran Baru,Jakarta Selatan,"Sebrang SMA 70, Jl. Bulungan",-6.241397,106.796077,Tertutup Warung
II,Kramat Pela,Kebayoran Baru,Jakarta Selatan,"Depan Toko Kong Wan Pangkalan Bajaj, Jl. Kyai Maja",-6.24192,106.791079,Rehab  Th. 2009
II,Kramat Pela,Kebayoran Baru,Jakarta Selatan,"Depan SPBU, Jl. Gandaria",-6.244032 ,106.788138,Tutup As Tidak Ada
II,Kramat Pela,Kebayoran Baru,Jakarta Selatan,"Jl. Barito I, Jl. S. Sambas I",-6.24826,106.795287,As Macet
II,Kramat Pela,Kebayoran Baru,Jakarta Selatan,"Dekat Pusat Dakwah Aisyiyah, Jl. Gandaria I",-6.247732,106.789956,Rehab Tahun 2009
II,Kramat Pela,Kebayoran Baru,Jakarta Selatan,"Depan Kuburan Dekat Jl. Radio I, Jl. Gandaria Tengah",-6.246535 ,106.792286,
II,Petogogan,Kebayoran Baru,Jakarta Selatan,"Sebrang Kantor Walikota, Jl. Prapanca Raya",-6.247928,106.806988,Rehab Tahun 2013
II,Petogogan,Kebayoran Baru,Jakarta Selatan,"Depan Restorant Reret, Jl. Wijaya",-6.244669,106.808751,
II,Petogogan,Kebayoran Baru,Jakarta Selatan,"Depan Rumah No. 34, Jl. Prapanca Raya",-6.25477,106.80802,
II,Petogogan,Kebayoran Baru,Jakarta Selatan,"Depan Grand Wijaya Center, Jl. Wijaya II",-6.252747,106.799547,
II,Gunung,Kebayoran Baru,Jakarta Selatan,"Dekat Jl. Hang Likier, Jl. Pakubuwono VI",-6.233329,106.794262,
II,Gunung,Kebayoran Baru,Jakarta Selatan,"Depan Rumah No. 9, Jl. Pakubuwono VI",-6.233032,106.796681,Mangkok Hilang 2 Buah
II,Gunung,Kebayoran Baru,Jakarta Selatan,"Jl. Pakubuwono Hook, Jl. Bumi",-6.236052,106.78955,
II,Gunung,Kebayoran Baru,Jakarta Selatan,Jl. Hangtuah Raya,-6.231363,106.797543,
II,Gunung,Kebayoran Baru,Jakarta Selatan,"Jl. Pakubuwono VI, Velbak",-6.239281 ,106.786488,
II,Gunung,Kebayoran Baru,Jakarta Selatan,"Dekat Lapangan Tenis, Jl. Sinabung II",-6.231874,106.791821,
II,Gunung,Kebayoran Baru,Jakarta Selatan,"Jl. Pati Unus, Jl. Hang Jebat prapatan",-6.236779,106.79612,Rehab  Th. 2013
II,Gunung,Kebayoran Baru,Jakarta Selatan,"Jl. Martimbang II, Di Dalam Taman",-6.233690 ,106.792528,BolaBola Tidak Ada
II,Gunung,Kebayoran Baru,Jakarta Selatan,"Sebrang Pasar Mayestik, Jl. Tebah",-6.239166,106.791277,Meter Ketutup Cor Semen
II,Gunung,Kebayoran Baru,Jakarta Selatan,"Depan Rumah No. 5, Sebrang RS. Pertamina, Jl. Kyai Maja",-6.240066,106.793925,Rehab  Th. 2013
II,Gunung,Kebayoran Baru,Jakarta Selatan,"Depan Rumah No. 14, Jl. Lauser",-6.236817 ,106.792298,Rehab  Th. 2013
II,Gunung,Kebayoran Baru,Jakarta Selatan,"Kementrian Kesehatan, Jl. Hang Jebat Raya No. 9",-6.236748,106.794736,2 As Depan Tidak Ada
II,Gunung,Kebayoran Baru,Jakarta Selatan,"Samping PLN Pusat, Jl. Adityawarman",-6.239941,106.803533,
II,Gunung,Kebayoran Baru,Jakarta Selatan,"Depan Rmh No. 18, Ujung Hang Lekir XII, Jl. Hang Lekir",-6.232652 ,106.796141,
II,Rawa Barat,Kebayoran Baru,Jakarta Selatan,"Dekat Pasar Burung, Jl. Barito Raya",-6.242078 ,106.792945,Rehab  Th. 2013
II,Rawa Barat,Kebayoran Baru,Jakarta Selatan,"Taman Ayodya, Jl. Barito Raya Bunderan I",-6.245248,106.793958,Rehab  Th. 2013
II,Rawa Barat,Kebayoran Baru,Jakarta Selatan,"Depan Apartement Senopati, Jl. Senopati",-6.229295,106.801854,Rehab  Th. 2013
II,Rawa Barat,Kebayoran Baru,Jakarta Selatan,"Depan Rumah No. 38, Jl. Senopati",-6.230480 ,106.807237,As Macet. BolaBola Tidak Ada
II,Rawa Barat,Kebayoran Baru,Jakarta Selatan,"Jl. Senopati, Jl. Bangkeng",-6.229755,106.805145,BolaBola Tidak Ada
II,Rawa Barat,Kebayoran Baru,Jakarta Selatan,"Depan Rumah No. 68, Jl. Senopati",-6.232177,106.810758,BolaBola Tidak Ada
II,Rawa Barat,Kebayoran Baru,Jakarta Selatan,"Depan Rumah No. 66, Jl. Kertanegara",-6.233518,106.811579,"BolaBola Hlg, Tertutup Tanah"
II,Rawa Barat,Kebayoran Baru,Jakarta Selatan,"Depan Rumah No. 34, Jl. Kertanegara",-6.235582,106.804887,
II,Rawa Barat,Kebayoran Baru,Jakarta Selatan,"Depan Rumah No. 22, Jl. Kertanegara",-6.235571,106.803586,Tutup Meteran Hilang
II,Rawa Barat,Kebayoran Baru,Jakarta Selatan,"Jl. Prof. Sutono Hook, Jl. Cipaku VI",-6.243606,106.808089,BolaBola Tidak Ada
II,Rawa Barat,Kebayoran Baru,Jakarta Selatan,"Pom Bensin, Jl. Bakti",-6.23302,106.813082,
II,Rawa Barat,Kebayoran Baru,Jakarta Selatan,"Yoseni Hotel, Jl. Senayan",-6.234588,106.815449,
II,Selong,Kebayoran Baru,Jakarta Selatan,"Samping Mabes Polri, Jl. Sanjaya I",-6.238103,106.802608,
II,Selong,Kebayoran Baru,Jakarta Selatan,"Depan Dirjen PU, Jl. Raden Patah",-6.236739,106.799721,
II,Selong,Kebayoran Baru,Jakarta Selatan,"Dekat SPBU, Jl. Mataram",-6.232886,106.801544,
II,Senayan,Kebayoran Baru,Jakarta Selatan,"Dekat Samsat, Jl. Gatot Subroto",-6.222684,106.814323,"As Macet,Bola Bola Macet"
II,Senayan,Kebayoran Baru,Jakarta Selatan,"Komplek Menteri, Jl. Widya Candra ",-6.229001,106.814631,
II,Senayan,Kebayoran Baru,Jakarta Selatan,"Depan Graha Niaga Tower, Jl. Jendral Sudirman",-6.224675,106.805491,
II,Senayan,Kebayoran Baru,Jakarta Selatan,"Samping Pintu Masuk Polda, Jl. Jendral Sudirman",-6.221082,106.810622,
II,Gandaria Selatan,Kebayoran Baru,Jakarta Selatan,"Petigaan Depan Rumah No. 48, Jl. Hidup Baru III",-6.262485,106.793629,
II,Gandaria Selatan,Kebayoran Baru,Jakarta Selatan,"Depan Dinas Sosial, Jl. Marga Guna",-6.26348,106.788014,Rehab  Th. 2013
II,Gandaria Selatan,Kebayoran Baru,Jakarta Selatan,"Depan Puskesmas Kecamatan Kebayoran Baru, Jl. Iskandarsyah Raya",-6.247113,106.805668,
II,Gandaria Selatan,Kebayoran Baru,Jakarta Selatan,"Dekat Jl. Madrasah/Masjid, Jl. RS. Fatmawati",-6.26779,106.797228,
II,Gandaria Selatan,Kebayoran Baru,Jakarta Selatan,"Depan Gedung ACC, Jl. RS. Fatmawati",-6.274653,106.797632,
II,Gandaria Utara,Kebayoran Baru,Jakarta Selatan,"Pasar Blok A, Jl. RS. Fatmawati ",-6.255897 ,106.796999,Fisik Hidran Di Palyja
II,Gandaria Utara,Kebayoran Baru,Jakarta Selatan,"KRI Srigala, Jl. Radio Dalam",-6.253947,106.790992,Rehab  Th. 2009
II,Gandaria Utara,Kebayoran Baru,Jakarta Selatan,"Depan Bengkel Rajawali, Jl. Radio Dalam",-6.256633,106.789976,
II,Gandaria Utara,Kebayoran Baru,Jakarta Selatan,"Depan SD Petogogan, Jl. Petogogan",-6.252661,106.795007,"As Dol, Ketutup Warung"
II,Gandaria Utara,Kebayoran Baru,Jakarta Selatan,"Depan Rumah No. 8, Jl. H. Nawi",-6.264326,106.794222,
II,Gandaria Utara,Kebayoran Baru,Jakarta Selatan,"Depan Car Wash HRA Sebrang Rumah No. 18, Jl. H. Nawi",-6.263944,106.791827,As Macet
II,Cipete Utara,Kebayoran Baru,Jakarta Selatan,Jl. Darmawangsa X,-6.257494,106.801688,Ketutup Warung
II,Cipete Utara,Kebayoran Baru,Jakarta Selatan,"Depan Rumah No. 28, Jl. Damai Raya Ujung",-6.259942,106.802211,
II,Cipete Utara,Kebayoran Baru,Jakarta Selatan,"Depan Bengkel, Jl. H.Nawi",-6.264326,106.794222,
II,Cipete Utara,Kebayoran Baru,Jakarta Selatan,"Depan Toko Material, Jl. H.Nawi",-6.264227,106.793791,
II,Cipete Utara,Kebayoran Baru,Jakarta Selatan,"Depan SDN 01-03 Cipete Utara, Jl. Abdul Masjid",-6.265755,106.797897,
II,Cipete Utara,Kebayoran Baru,Jakarta Selatan,"Dekat Pasar Cipete, Jl. Damai",-6.260174,106.796806,Hilang Tahun 2009
II,Cipete Utara,Kebayoran Baru,Jakarta Selatan,"Depan Rumah No. 26 A, Jl. Abdul Masjid",-6.266884,106.803046,
II,Pulo,Kebayoran Baru,Jakarta Selatan,"Depan Bima Sena, Jl. Darma Wangsa Raya",-6.250128,106.807474,
II,Pulo,Kebayoran Baru,Jakarta Selatan,"Dekat Kantor Kelurahan Pulo, Jl. Prapanca Raya",-6.250764,106.809653,
III,Mampang Prapatan,Mampang Prapatan,Jakarta Selatan,Jl. Kapten Tendean Putaran,-6.240243,106.826058,
III,Mampang Prapatan,Mampang Prapatan,Jakarta Selatan,Jl. Mampang Prapatan VIII No. 6,-6.247816,106.831666,"As Macet, Tutup Meteran Hilang"
III,Mampang Prapatan,Mampang Prapatan,Jakarta Selatan,"Depan Wisma Semar, Jl. Mampang Prapatan",-6.251176,106.826828,"Bola Macet, Tutup Meteran Hilang"
III,Mampang Prapatan,Mampang Prapatan,Jakarta Selatan,"Depan PT. Nilam Widuri, Jl. Mampang Prapatan",-6.254714,106.827492,
III,Mampang Prapatan,Mampang Prapatan,Jakarta Selatan,"Depan Giant, Jl. Mampang Prapatan",-6.241733,106.825746,
III,Mampang Prapatan,Mampang Prapatan,Jakarta Selatan,"Sebrang Showrom Toyota, Jl. Mampang Prapatan",-6.250178,106.826643,
III,Bangka,Mampang Prapatan,Jakarta Selatan,"Dekat Pom Bensin Kemang, Jl. Kemang Raya",-6.267467,106.81571,BolaBola Tidak Ada
III,Bangka,Mampang Prapatan,Jakarta Selatan,"Kemang AL, Jl. Kemang I",-6.256704,106.81269,
III,Bangka,Mampang Prapatan,Jakarta Selatan,"Depan Rumah No. 58, Jl. Kemang Utara",-6.257137,106.817475,
III,Bangka,Mampang Prapatan,Jakarta Selatan,"Jl. Kemang Selatan Hook, Jl. Kemang Selatan XI",-6.273688,106.818541,As Dan BolaBola Macet
III,Bangka,Mampang Prapatan,Jakarta Selatan,"Depan Masjid Al Barkah, Jl. Kemang Utara",-6.258069,106.822874,
III,Pela Mampang,Mampang Prapatan,Jakarta Selatan,"Komplek Polri, Jl. Pondok Karya ",-,-,
III,Pela Mampang,Mampang Prapatan,Jakarta Selatan,"Dekat Gedung AKA, Jl. Bangka I",-,-,
III,Pela Mampang,Mampang Prapatan,Jakarta Selatan,"Gelanggang Remaja Mampang Prapatan, Jl. Pondok Jaya I",-,-,
III,Pela Mampang,Mampang Prapatan,Jakarta Selatan,"Depan Bengkel Mitsubishi Sebrang BRI, Jl. Mampang Prapatan",-6.242984,106.82571,
IV,Bintaro,Pesanggrahan,Jakarta Selatan,"Jl. Veteran Hook. IKPN, Bintaro",-6.259947,106.76784,
V,Cilandak Barat,Cilandak,Jakarta Selatan,"Dekat The Best, Jl. Cipete Raya",-6.276997,106.797603,
V,Cilandak Barat,Cilandak,Jakarta Selatan,"Jl. RA. Karini, Banjarsari IX Cilandak ",-6.290497,106.795,"BolaBola Rusak, As Macet"
V,Cilandak Barat,Cilandak,Jakarta Selatan,"Depan Apotek Gaharu, Jl. Gaharu",-6.279294,106.80797,As Macet
V,Cilandak Barat,Cilandak,Jakarta Selatan,"Depan Rumah No. 61, Jl. Gaharu",-6.279327,106.808842,Terdesak Pohon Asem
V,Cilandak Barat,Cilandak,Jakarta Selatan,"Dekat Wisma Subud, Jl. RS. Fatmawati",-6.286118,106.795734,
V,Cilandak Barat,Cilandak,Jakarta Selatan,"Depan Mesjid Hidayah, Jl. RS. Fatmawati",-6.272327,106.797203,
V,Cilandak Barat,Cilandak,Jakarta Selatan,"RS. Fatmawati, Jl. Tb. Simatupang Utara",-6.292632,106.79566,
V,Cilandak Barat,Cilandak,Jakarta Selatan,"Depan Rumah No. 52, Jl. Terogong Raya",-6.282517,106.792305,
V,Cilandak Barat,Cilandak,Jakarta Selatan,"Pojok Showroom FORD, Jl. RA.Kartini",-6.292489,106.792117,
V,Cilandak Barat,Cilandak,Jakarta Selatan,"Depan Cilandak Town Square, Jl. TB. Simatupang",-6.292038,106.79905,As Macet
V,Cipete Selatan,Cilandak,Jakarta Selatan,"Depan Rumah No. 39, Jl. Abdul Majid",-6.266884,106.803046,
V,Cipete Selatan,Cilandak,Jakarta Selatan,"Depan Kemang Vilage, Jl. P. Antasari",-6.259074,106.808136,
V,Cipete Selatan,Cilandak,Jakarta Selatan,Jl. Asem II Ujung,-6.274388,106.803999,
V,Cipete Selatan,Cilandak,Jakarta Selatan,"Dekat Sekolahan Prancis, Jl. Asem II",-6.272113,106.800679,Meteran Tertutup Gerobak
V,Cipete Selatan,Cilandak,Jakarta Selatan,"Depan Rumah No. 9, Jl. Cipete Raya",-6.277198,106.798117,As Macet
V,Cipete Selatan,Cilandak,Jakarta Selatan,"Depan Restoran Cianjur, Jl. Cipete Raya",-6.278139,106.80725,As Macet
V,Cipete Selatan,Cilandak,Jakarta Selatan,Jl. Cipete Utara / Jl. P. Antasari,-6.266884,106.803046,
V,Lebak Bulus,Cilandak,Jakarta Selatan,"Dekat Rumah Sakit Siloam, Jl. RA. Kartini",-6.292004,106.784695,
V,Lebak Bulus,Cilandak,Jakarta Selatan,"Depan Auto 2000, Jl. RA. Kartini",-6.292456,106.789254,
V,Lebak Bulus,Cilandak,Jakarta Selatan,"Jl. RA. Kartini Hook, Jl. Adyaksa",-6.291153,106.780568,
V,Lebak Bulus,Cilandak,Jakarta Selatan,"Depan PTIQ, Jl. Batan",-6.290851,106.770928,
VI,Menteng Dalam,Tebet,Jakarta Selatan,"Dekat Jl. Rasamala III/IV, Jl. Rasamala",-6.234541,106.839695,
VI,Menteng Dalam,Tebet,Jakarta Selatan,"Dekat Fly Over, Jl. Saharjo, Jl. Pal Batu",-6.224287,106.847333,
VI,Menteng Dalam,Tebet,Jakarta Selatan,"Depan Pos Pemadam Kebakaran Tebet, Jl. Prof. Supomo",-6.240059,106.84535,
VI,Menteng Dalam,Tebet,Jakarta Selatan,"Warung Pedok, Jl. DR. Sahardjo ",-6.226179,106.847385,
VI,Menteng Dalam ,Tebet,Jakarta Selatan,"Depan Ex. SPBU n All Fresh, Jl. Jend. Gatot Subroto",-6.241623,106.838749,
VI,Tebet Barat,Tebet,Jakarta Selatan,"Dekat Ruko No. 18, Dulu Gaya Ban, Jl. Tebet Raya",-6.229604,106.853181, As Dol
VI,Tebet Barat,Tebet,Jakarta Selatan,"Depan Rusun Harum, Jl. Tebet Barat Raya",-6.235528,106.852432,
VI,Tebet Barat,Tebet,Jakarta Selatan,"Dekat Apotek Amani, Jl. Lapangan Ros",-6.225174,106.855376,
VI,Tebet Barat ,Tebet,Jakarta Selatan,"Jl. DR. Sahardjo, Gg. Manggis II",-6.219029,106.845417,
VI,Tebet Timur,Tebet,Jakarta Selatan,"Depan Ruko, Jl. Tebet Raya",-6.227644,106.856926,
VI,Tebet Timur,Tebet,Jakarta Selatan,"Depan Rumah No. 107, Jl. Tebet Timur Dalam",-6.236874,106.856921, As Dol
VI,Tebet Timur,Tebet,Jakarta Selatan,"Dekat Klinik Pasutri, Jl. Tebet Timur Dalam",-6.237209,106.856883,
VI,Tebet Timur,Tebet,Jakarta Selatan,"Depan Pasar PSPT, Jl. Tebet Timur Dalam",-6.234904,106.856922,
VI,Bukit Duri,Tebet,Jakarta Selatan,"Depan Masjid Attahiriyah, Jl. KH. Safei",-6.224506,106.859851,
VI,Bukit Duri,Tebet,Jakarta Selatan,"Depan PDAM Dekat Rel Kereta, Jl. Bukit Duri Tanjakan",-6.218216,106.859569,Hidran Macet
VI,Bukit Duri,Tebet,Jakarta Selatan,"Depan Asrama Ciliwung, Jl. Bukit Duri",-6.217333,106.862299,
VI,Bukit Duri,Tebet,Jakarta Selatan,"Depan Rumah No. 3, Jl. Kampung Melayu Kecil",-6.222174,106.861547,
VI,Bukit Duri,Tebet,Jakarta Selatan,"Depan Pasar Bukit Duri, Jl. Bukit Duri Barat",-6.218065,106.853725,Hidran Goyang
VI,Bukit Duri,Tebet,Jakarta Selatan,"Depan Indomaret, Jl. Bukit Duri Tanjakan Ujung",-6.222819,106.859062,
VI,Kebon Baru,Tebet,Jakarta Selatan,"Depan Masjid, Jl. Asem Baris",-6.241496,106.860175,
VI,Kebon Baru,Tebet,Jakarta Selatan,"Dekat Kantor Lurah Kebon Baru, Jl. Asem Baris",-6.232327,106.8597,
VI,Kebon Baru,Tebet,Jakarta Selatan,"Jl. KH. Safei Pojok, Jl. Gd. Peluru",-6.225295,106.862096,
VI,Kebon Baru,Tebet,Jakarta Selatan,"Depan Alfamidi, Jl. Asem Baris Raya",-6.22854,106.858977,
VI,Kebon Baru,Tebet,Jakarta Selatan,"Depan Rumah No. 5A, Jl. Asem Baris Raya",-6.231426,106.859513,
VI,Manggarai Selatan,Tebet,Jakarta Selatan,"Sebrang Indomaret, Jl. DR Sahardjo",-6.216119,106.843995,
VI,Manggarai Selatan,Tebet,Jakarta Selatan,"Dekat Jembatan, Jl. Manggarai Selatan VII",-6.215125,106.855942,As Macet
VI,Manggarai Selatan,Tebet,Jakarta Selatan,"Depan Telkom, Jl. KH. Abdulah Safei",-6.224445,106.852861,
VI,Manggarai Selatan,Tebet,Jakarta Selatan,"Depan RS. Agung, Jl. Sultan Agung",-6.208937,106.846413,Hidran Macet
VI,Manggarai Selatan,Tebet,Jakarta Selatan,"Dekat Apotek Barkah, Jl. Albarkah",-6.220321,106.847183,Hidran Macet
VI,Manggarai Selatan,Tebet,Jakarta Selatan,"Dekat Jembatan, Jl. Manggarai Utara I",-6.21288,106.857309,
VI,Menteng dalam,Tebet,Jakarta Selatan,"Depan Hotel Amaris, Jl. Prof. Supomo",-6.234668,106.844241,
VII,Setiabudi,Setiabudi,Jakarta Selatan,"Chase Building, Jl. Jend. Sudirman",-6.209959,106.821526,Rencana Pembangunan MRT
VII,Setiabudi,Setiabudi,Jakarta Selatan,"Sebrang Hotel Setiabudi, Jl. Setiabudi Barat",-6.21125,106.824075,
VII,Setiabudi,Setiabudi,Jakarta Selatan,Jl. Setiabudi III ,-6.207592,106.826366,
VII,Menteng Atas,Setiabudi,Jakarta Selatan,Jl. Menteng Pulo Pojok Pasar (kb. Cina),-6.221426,106.845311,As Dol
VII,Menteng Atas,Setiabudi,Jakarta Selatan,Jl. Menteng Atas Selatan,-6.220479,106.838257,Fisik Hidran Di Palyja
VII,Menteng Atas,Setiabudi,Jakarta Selatan,"Depan Kantor Lurah, Jl.  Menteng Wadas Timur",-6.209948,106.841793,
VII,Menteng Atas,Setiabudi,Jakarta Selatan,"Depan Rumah No. 10, Jl. Menteng Pulo",-6.221472,106.844173,Macet Ketutup Psr. Darurat
VII,Karet,Setiabudi,Jakarta Selatan,Jl. Jend. Sudirman / Jl. Metropolitan II,-6.214281,106.819017,Rencana Pembangunan MRT
VII,Karet,Setiabudi,Jakarta Selatan,"Dekat RS. AINI, Jl. Karbela Timur",-6.214107,106.82886,Tertutup Warung
VII,Karet,Setiabudi,Jakarta Selatan,"Depan Masjid Babus Salam, Jl. Anggrek Raya",-6.216218,106.824529,
VII,Karet,Setiabudi,Jakarta Selatan,"Depan Rumah No. 48, Jl. Pedurenan Masjid III ",-6.222081,106.825876,
VII,Karet,Setiabudi,Jakarta Selatan,"Jl. Anggrek, Jl. Karbela Raya SD Karet 01",-6.216187,106.822337,As Macet
VII,Karet Kuningan,Setiabudi,Jakarta Selatan,"Depan Kantor HAM, Jl. HR. Rasuna Said",-6.222489,106.832318,
VII,Karet Kuningan,Setiabudi,Jakarta Selatan,"Dekat Diklat Prov, Jl. HR. Rasuna Said",-6.223661,106.832926,
VII,Kuningan Timur,Setiabudi,Jakarta Selatan,"Gd. Indonesia Power, Jl. Gatot Subroto",-6.23697,106.828106,
VII,Kuningan Timur,Setiabudi,Jakarta Selatan,Patra Kuningan RayaJl. HR. Rasuna Said,-6.233685,106.831285,
VII,Kuningan Timur,Setiabudi,Jakarta Selatan,"Depan Dubes Belanda, Jl. HR. Rasuna Said",-6.234675,106.82884,
VII,Kuningan Timur,Setiabudi,Jakarta Selatan,"Depan Crown Plaza, Jl. Jend. Gatot Subroto",-6.222372,106.81466,
VII,Kuningan Timur,Setiabudi,Jakarta Selatan,"Depan Graha Unilever/DPN SCTV, Jl. Gatot Subroto",-6.226759,106.817656,
VII,Guntur,Setiabudi,Jakarta Selatan,"Jl. Kawi Ujung, Jl. Malabar",-6.210476,106.834425,
VII,Guntur,Setiabudi,Jakarta Selatan,"Depan Puskesmas, Jl. Halimun",-6.2069116,106.8337956,Ketutup Warung
VII,Pasar Manggis,Setiabudi,Jakarta Selatan,"Depan PN. Gas, Jl. Minangkabau",-6.21185,106.844226,
VII,Pasar Manggis,Setiabudi,Jakarta Selatan,"Depan Rumah No. 25, Jl. Guntur Dekat / Jl. Muria",-6.20935,106.836249,
VII,Pasar Manggis,Setiabudi,Jakarta Selatan,"Depan Pasar Rumput, Jl. St. Agung",-6.20733,106.841537,
VII,Pasar Manggis,Setiabudi,Jakarta Selatan,"Jl. Minangkabau, Jl. Gadang",-6.210517,106.84479,
VIII,Pengadegan,Pancoran,Jakarta Selatan,"Depan Wisma Harun, Jl. Raya Pasar Minggu",-6.250413,106.8423999,BolaBola Macet
VIII,Pengadegan,Pancoran,Jakarta Selatan,"Jl. Pancoran Timur, Perdatam",-6.249519,106.849722,BolaBola Macet
VIII,Pengadegan,Pancoran,Jakarta Selatan,"Depan Puskesmas, Jl. Pengadegan Timur",-6.251046,106.858452,
VIII,Pancoran,Pancoran,Jakarta Selatan,"Samping Jl. Pertani, Jl. Raya Pasar Minggu, Samping Jl. Pertani",-6.256809,106.843203,Rehab Th. 2010 (Kpl.Macet)
VIII,Pancoran,Pancoran,Jakarta Selatan,"Jl. Duren III, Jl. Potlot II",-6.255241,106.840936,
VIII,Pancoran,Pancoran,Jakarta Selatan,"Dekat Kantor PLN Dekat Masjid, Jl. Duren III",-6.254622,106.833656,
VIII,Pancoran,Pancoran,Jakarta Selatan,"Depan Karya Dekorasi, Jl. Pancoran Barat VI",-6.249977,106.83669,
VIII,Pancoran,Pancoran,Jakarta Selatan,"Depan Bumi Rajawali, Jl. Pancoran Barat II",-6.249459,106.839824,
VIII,Pancoran,Pancoran,Jakarta Selatan,"Dekat Jl. Triloka XII, Jl. Pancoran Barat X",-6.246367,106.838556,
VIII,Rawajati,Pancoran,Jakarta Selatan,"Dekat Mall Kalibata, Jl. Rawa Jati Timur",-6.256305,106.854854,
VIII,Kalibata,Pancoran,Jakarta Selatan,"Depan Askes, Jl. Raya Pasar Minggu",-6.249291,106.84279,
VIII,Cikoko,Pancoran,Jakarta Selatan,"Depan Ditlantas, Jl. MT. Haryono",-6.243409,106.855341,Di Bawa Ke Dinas Kena Flyover
VIII,Cikoko,Pancoran,Jakarta Selatan,"Depan Lembaga Sensor Film, Jl. MT. Haryono",-6.243452,106.850988,Tutup Meteran Hilang
VIII,Cikoko,Pancoran,Jakarta Selatan,"Jl. MT. Haryono Hook, Pancoran Timur",-6.242746,106.843425,Tutup Meteran Hilang
VIII,Duren Tiga,Pancoran,Jakarta Selatan,"Jl. Mampang Prapatan, Jl. Warung Jati Timur",-6.26479,106.833267,
VIII,Duren Tiga,Pancoran,Jakarta Selatan,"Depan Gardu Induk, Jl. Duren Tiga Selatan",-6.258934,106.834724,
IX,Pejaten Timur,Pasar Minggu,Jakarta Selatan,"Komp.Kemuning, Jl. Kalibata Baru, BAKIN",-6.272725,106.847404,
IX,Pejaten Barat,Pasar Minggu,Jakarta Selatan,"Dekat Jl. Siaga II, Jl. Raya Pasar Minggu",-6.276157,106.845891,Rehab. Th. 2010
IX,Pejaten Barat,Pasar Minggu,Jakarta Selatan,"Depan Masjid Pejaten, Jl. Raya Condet Pejaten",-6.278633,106.831476,
IX,Pejaten Barat,Pasar Minggu,Jakarta Selatan,"Depan Rumah Sakit Siaga, Jl. Siaga Raya",-6.272871,106.83876,
IX,Pejaten Barat,Pasar Minggu,Jakarta Selatan,"Depan SMP Sultan Hasanudin, Jl. Warung Jati  Barat",-6.269858,106.830726,
IX,Pejaten Barat,Pasar Minggu,Jakarta Selatan,"Depan Ex SPBU, Jl. Warung Jati  Barat",-6.275081,106.830278,
IX,Pasar Minggu,Pasar Minggu,Jakarta Selatan,"Dekat Rumah Dinas Pejabat DKI, Jl. Pejaten Raya",-6.279753,106.834344,As Dol
IX,Pasar Minggu,Pasar Minggu,Jakarta Selatan,"Depan SD Pejaten Barat, Jl. Raya Condet",-6.276554,106.8308,
IX,Ragunan,Pasar Minggu,Jakarta Selatan,"Depan Diklat PLN, Jl. Harsono RM",-6.300419,106.821137,
IX,Ragunan,Pasar Minggu,Jakarta Selatan,"Kementerian Pertanian, Jl. Harsono RM.",-6.29687,106.821249,
IX,Ragunan,Pasar Minggu,Jakarta Selatan,"Depan Ex Grasindo, Jl. Warung Jati Barat",-6.266077,106.830635,
IX,Ragunan,Pasar Minggu,Jakarta Selatan,"Jl. TB. Simatupang Hook, Jl. Kebagusan",-6.296504,106.827266,Rehab. Th. 2010(As Dol )
IX,Ragunan,Pasar Minggu,Jakarta Selatan,"Hook Komplek Polri, Jl. Ampera",-6.284272,106.819019,
I,,Matraman,Jakarta Timur,"Fuji Film, Jl. Matraman Raya ",-6.199976,106.854288,
I,,Matraman,Jakarta Timur,"Berland, Jl. Matraman Raya ",-6.203631,106.849391,
I,,Matraman,Jakarta Timur,"Sudin Pemadam Kebakaran Jakarta Timur, Jl. Matraman Raya No. 132",-6.209716,106.859594,
I,,Matraman,Jakarta Timur,"Tegalan, Jl. Matraman Raya ",-6.202918,106.85693,
I,,Matraman,Jakarta Timur,"Palad, Jl. Matraman Raya ",-6.218432,106.87578,
I,,Matraman,Jakarta Timur,"Apotik Kimia Farma, Jl. Matraman Raya ",-6.203492,106.857567,
I,,Matraman,Jakarta Timur,"Polsek Matraman, Jl. Matraman Raya ",-6.1999,106.854648,
I,,Matraman,Jakarta Timur,"Depan Pasar Pramuka, Jl. Pramuka",-6.196793,106.857637,
I,,Matraman,Jakarta Timur,"Depan Kantor BPK, Jl. Pramuka",-6.192104,106.871671,
I,,Matraman,Jakarta Timur,"Toko Kertas Mutiara, Jl. Pramuka",-6.195895,106.858958,
I,,Matraman,Jakarta Timur,"Masjid At-Taqwa, Jl. Kayu Manis II",-6.198064,106.861886,
I,,Matraman,Jakarta Timur,"Huk Kayu Manis IV, Jl. Kayu Manis Timur",-6.200942,106.863235,
I,,Matraman,Jakarta Timur,"Depan Kantor Lurah, Jl. Kayu Manis VIII",-6.206506,106.862422,
I,,Matraman,Jakarta Timur,"Huk Kayu Manis VI, Jl. Kayu Manis Timur",-6.203414,106.864101,
I,,Matraman,Jakarta Timur,"Depan Rumah No. 27, Jl. Kayu Manis VIII",-6.206419,106.863252,
I,,Matraman,Jakarta Timur,"Huk Jl. Kayu Manis VII Samping DWN, Jl. Kayu Manis Barat Raya",-6.204785,106.863334,
I,,Matraman,Jakarta Timur,"Huk Jl. Kayu Manis III Rumah No. 9, Jl. Kayu Manis Barat Raya",-6.199986,106.859882,
I,,Matraman,Jakarta Timur,"Huk Jl. Jarak, Jl. Kayu Manis Barat Raya",-6.20404,106.861036,
I,,Matraman,Jakarta Timur,"Depan SMU Negeri 31, Jl. Kayu Manis Timur Raya",-6.202675,106.863834,
I,,Matraman,Jakarta Timur,"Huk Jl. Kayu Manis VIII, Jl. Kayu Manis Barat Raya",-6.20639,106.861687,
I,,Matraman,Jakarta Timur,"Hotel Saleh, Jl. Utan Kayu",-6.19364,106.867085,
I,,Matraman,Jakarta Timur,"Huk Jl. Nangka, Jl. Utan Kayu",-6.196265,106.871045,
I,,Matraman,Jakarta Timur,"Huk Jl. Pisangan Baru III, Jl. Pisangan Baru Tengah ",-6.211505,106.867788,
I,,Matraman,Jakarta Timur,Jl. Kebun Kelapa Tinggi (Jl. Pisangan Baru Utara),-6.208472,106.869878,
I,,Matraman,Jakarta Timur,"Klinik Rumah Bersalin, Jl. Pisangan Baru  III ",-6.212302,106.867791,
I,,Matraman,Jakarta Timur,"Huk Gg. BI Rumah No. 16, Jl. Pisangan Baru Tengah ",-6.211242,106.87175,
I,,Matraman,Jakarta Timur,Huk Jl. Pisangan Baru II Alfamart (Jl. Pisangan Baru Tengah),-6.211441,106.869834,
I,,Matraman,Jakarta Timur,Huk Jl. Kayu Manis X Pos RW002 (Jl. Pisangan Baru Tengah II),-6.209393,106.862483,
I,,Matraman,Jakarta Timur,"Depan Masjid Mujahidin, Jl. Kelapa Sawit Raya",-6.206781,106.86553,
I,,Matraman,Jakarta Timur,"Jl. Pandan, Depan SDN (Jl. Mojokerto)",-6.20476,106.867224,
I,,Matraman,Jakarta Timur,"Depan Kelurahan Kebun Manggis, Jl. Selamet Riyadi",-6.210915,106.858347,
II,,Pulogadung,Jakarta Timur,"PT. HOESCHET, Jl. Pulo Mas Utara",-6.168939 ,106.878678,
II,,Pulogadung,Jakarta Timur,"RS. ONGKO MULYO, Jl. Pulo Mas Barat VIII",-6.179944,106.883819,
II,,Pulogadung,Jakarta Timur,"Depan Dr. Gigi, Jl. Pulo Mas Barat  ",-6.179944,106.883819,
II,,Pulogadung,Jakarta Timur,"Depan Masjid DA'ABUT TAOBAH, Jl. Pulo Mas Timur II  ",-6.175595,106.883492,
II,,Pulogadung,Jakarta Timur,"Huk Pulo Mas Barat VI, Jl. Pulo Mas Timur",-6.180375,106.884928,
II,,Pulogadung,Jakarta Timur,"Pos Pemadam Pulo Mas, Jl. Pulo Mas Barat VI ",-6.179415,106.88085,
II,,Pulogadung,Jakarta Timur,"Depan Rumah No. 69, Jl. Pondasi Pulo Mas  ",-6.188405,106.884996,
II,,Pulogadung,Jakarta Timur,"TK REGINA, Jl. Kayu Putih Raya ",-6.188216,106.890957,
II,,Pulogadung,Jakarta Timur,"Depan ASMI, Jl. Pacuan Kuda Pulo Mas",-6.174057 ,106.887973,
II,,Pulogadung,Jakarta Timur,"Rumah Susun, Jl. Kayu Putih Raya",-6.177106 ,106.893338,
II,,Pulogadung,Jakarta Timur,Jl. Kayu Putih Tengah I,-6.183765,106.893348,
II,,Pulogadung,Jakarta Timur,Jl. Kayu Putih Tengah III,-6.183907,106.895658,
II,,Pulogadung,Jakarta Timur,Jl. Kayu Putih Utara III,-6.183884 ,106.895596,
II,,Pulogadung,Jakarta Timur,Huk Kayu Putih Timur,-6.187401 ,106.898024,
II,,Pulogadung,Jakarta Timur,"Depan Polsek Kayu Putih, Jl. Kayu Putih",-6.185075 ,106.890899,
II,,Pulogadung,Jakarta Timur,"Depan Kantor Perparkiran, Jl. Kayu Putih Selatan V",-6.185646,106.893555,
II,,Pulogadung,Jakarta Timur,"Huk Kayu Putih Tengah 2, Sebrang Pasar Bidadari, Jl. Kayu Putih II",-6.182065 ,106.893722,
II,,Pulogadung,Jakarta Timur,"Samping Kelurahan Pulo Gadung, Jl. Kayu Putih Selatan IV",-6.185646,106.893555,
II,,Pulogadung,Jakarta Timur,"Huk Jl. Kayu Putih 3 SDN 7,8,9,10, (Jl. Kayu Putih I)",-6.181522,106.895679,
II,,Pulogadung,Jakarta Timur,"SMA Franciskus, Jl. Bangunan Pulo Mas",-6.185116,106.881026,
II,,Pulogadung,Jakarta Timur,"Depan PeRumahan Bulog, Jl. H. Ten Pulo Mas",-6.188963,106.876986,
II,,Pulogadung,Jakarta Timur,"Depan SMU 21, Jl. Sirap Pulo Mas",-6.184381 ,106.886848,
II,,Pulogadung,Jakarta Timur,"Depan Rumah B No.17, Poli Klinik Karya Bakti, Jl. Kayu Mas Timur",-6.183267,106.903831,
II,,Pulogadung,Jakarta Timur,"Depan Rumah No. 308 Blok V, Jl. Kayu Mas Utara Raya",-6.180444,106.900214,
II,,Pulogadung,Jakarta Timur,"Huk Jl. Pemuda Portal Room Hino, (Jl. Pulo Asem Raya)",-6.193074,106.894556,
II,,Pulogadung,Jakarta Timur,"Depan Rumah RT006/RW004 Toserba Berah, Jl. Pulo Asem Timur X",-6.190244,106.897377,
II,,Pulogadung,Jakarta Timur,"Huk Pulo Asem X Pos RW012, Jl. Pulo Asem Timur  ",-6.188425,106.897025,
II,,Pulogadung,Jakarta Timur,"Huk Jl. Pulo Asem Timur Jati Anom, Jl. Pulo Asem Timur  ",-6.188425,106.897025,
II,,Pulogadung,Jakarta Timur,"Taman Depan Rumah No. 58, Jl. Taman Pulo Asem Utara",-6.191083,106.891974,
II,,Pulogadung,Jakarta Timur,"Huk Jl. Layur, Jl. Pemuda",-6.193716,106.898752,
II,,Pulogadung,Jakarta Timur,"Depan Gedung LAPAN, Jl. Pemuda",-6.193541,106.889658,
II,,Pulogadung,Jakarta Timur,"Depan Kantor Sektor II Kecamatan Pulo Gadung, Jl. Pemuda",-6.193541,106.889658,
II,,Pulogadung,Jakarta Timur,"Huk Jl. Pemuda, (Jl. Balap Sepeda)",-6.193110 ,106.891289,
II,,Pulogadung,Jakarta Timur,"SD 03 Pagi, Jl. H. TEN  ",-6.188769,106.880358,
II,,Pulogadung,Jakarta Timur,"Depan Matahari, Jl. Paus Rawamangun",-6.193699 ,106.890508,
II,,Pulogadung,Jakarta Timur,"Depan Pasar Sunan Giri, Jl. Sunan Giri Rawamangun",-6.195945,106.883156,
II,,Pulogadung,Jakarta Timur,"Huk Jl. Sunan Giri, Jl. Balai Pustaka Barat Rawamangun",-6.196845,106.882834,
II,,Pulogadung,Jakarta Timur,"Depan Rumah Sakit Persahabatan, Jl. Wisma Jaya Rawamangun",-6.202126,106.882741,
II,,Pulogadung,Jakarta Timur,"Apotik Melawai, Jl. Balai Pustaka Rawamangun",-6.201135,106.885905,
II,,Pulogadung,Jakarta Timur,"Depan HKBP, Jl. Balai Pustaka Rawamangun",-6.196274,106.886002,
II,,Pulogadung,Jakarta Timur,"Sebelah Lampu Merah, Jl. Pengambiran Rawamangun",-6.201823,106.890257,
II,,Pulogadung,Jakarta Timur,"Dekat Fitnes POLRI, Jl. Persahabatan Timur, Rwmangun",-6.206683,106.886013,
II,,Pulogadung,Jakarta Timur,"Depan RS Persahabatan, Jl. Persahabatan Rawamangun",-6.202198,106.884956,
II,,Pulogadung,Jakarta Timur,"Depan Sekolah Perawat RS. Persahabatan, Jl. Persahabatan Rawamangun",-6.205091,106.885914,
II,,Pulogadung,Jakarta Timur,"Depan SMU Negeri 36 Jakarta, Jl. Layur Rawamangun",-6.199329,106.899107,
II,,Pulogadung,Jakarta Timur,"Jl. Rawamangun Selatan I, Jl. Rawamangun Muka Selatan  ",-6.200644,106.880029,
II,,Pulogadung,Jakarta Timur,"Huk Rawamangun Muka I, Jl. Rawamangun Muka Barat",-6.198819 ,106.881130,
II,,Pulogadung,Jakarta Timur,"Huk Rawamangun IV, Jl. Rawamangun Muka Timur  ",-6.200157 ,106.882361,
II,,Pulogadung,Jakarta Timur,"Huk Jl. Berantas, Jl. Tenggiri SMK Negeri 67 Jakarta",-6.197982,106.891977,
II,,Pulogadung,Jakarta Timur,"Huk Rumah No. 35, Jl. Sedayu Rawamangun",-6.197145,106.893909,
II,,Pulogadung,Jakarta Timur,"Huk Jl. Pemuda, Jl. Sunan Derajat Rawamangun",-6.193799,106.895065,
II,,Pulogadung,Jakarta Timur,"Jl. Duyung / Cingkalang, Jl. Sunan Derajat Rawamangun",-6.193799,106.895065,
II,,Pulogadung,Jakarta Timur,"Huk Jl. Tongkol, Jl. Layur Rawamangun",-6.197791,106.895266,
II,,Pulogadung,Jakarta Timur,"Huk Jl. Lumba - Lumba, Jl. Tawes Rawamangun",-6.200389,106.89562,
II,,Pulogadung,Jakarta Timur,"Huk Jl. Gurame, Jl. Tongkol Rawamangun",-6.197791,106.895266,
II,,Pulogadung,Jakarta Timur,"Huk Jl. Rawamangun Muka I, Jl. Rawamangun Muka Timur",-6.197062,106.881913,
II,,Pulogadung,Jakarta Timur,"Jl. Lodan SD 01 Pagi, Jl. Kakap Rawamangun",-6.195756,106.896902,
II,,Pulogadung,Jakarta Timur,"Huk Jl. Lodan Rumah No. 26, Jl. Sunan Derajat  ",-6.19589,106.895021,
II,,Pulogadung,Jakarta Timur,"Huk Jl. Rawamangun Muka II Ex Kantor Kelurahan, Jl. Rawamangun Barat",-6.200928 ,106.881841,
II,,Pulogadung,Jakarta Timur,"Huk Jl. Tawes, Jl. Tenggiri",-6.200389,106.89562,
II,,Pulogadung,Jakarta Timur,"Jl. Gedung Logistik POLRI, Jl. Raya Bekasi Timur",-6.211793 ,106.888797,
II,,Pulogadung,Jakarta Timur,"Depan Komplek AKABRI, Jl. Raya Bekasi Timur",-6.211793 ,106.888797,
II,,Pulogadung,Jakarta Timur,"Depan Pool HIBA, Jl. Raya Bekasi",-6.205865,106.902721,
II,,Pulogadung,Jakarta Timur,"Depan Pool ALS, Jl. Raya Bekasi",-6.195268 ,106.905279,
II,,Pulogadung,Jakarta Timur,"Jl. Palad Pasar Pulogadung, Jl. Raya Bekasi",-6.186705,106.905706,
II,,Pulogadung,Jakarta Timur,"Depan SPBU Pasar Klender, Jl. Raya Bekasi",-6.212757,106.900284,
II,,Pulogadung,Jakarta Timur,"Huk Jl. Jatinegara Kaum, Jl. Raya Bekasi",-6.202856,106.904042,
II,,Pulogadung,Jakarta Timur,"Mustika Jaya, Jl. Balai Pustaka Barat",-6.200012,106.883119,
II,,Pulogadung,Jakarta Timur,"Depan Satuan Musik POLRI, Jl. Cipinang Baru",-6.207047,106.890227,
II,,Pulogadung,Jakarta Timur,Jl. Cipinang Kebembem I Rumah No. 40,-6.209755 ,106.884705,
II,,Pulogadung,Jakarta Timur,"Masjid Nurul Iman, Jl. Cipinang Baru Bunder",-6.206540,106.888897,
II,,Pulogadung,Jakarta Timur,"Pasar Induk Beras Cipinang, Jl. Cipinang Kebembem",-6.213607,106.881419,
II,,Pulogadung,Jakarta Timur,"Huk Jl. Persahabatan, Jl. Cipinang Baru Bunder",-6.206683,106.886013,
II,,Pulogadung,Jakarta Timur,"Posko PDIP, Jl. Cipinang Kebembem I",-6.214672,106.875604,
II,,Pulogadung,Jakarta Timur,"Samping Kantor RW012, Jl. Cipinang Kebembem Raya IV",-6.210695,106.884063,
II,,Pulogadung,Jakarta Timur,"Depan Pasar Enjo, Jl. Cipinang Kebembem I",-6.214672,106.875604,
II,,Pulogadung,Jakarta Timur,"Depan Pasar Enjo, Jl. Pisangan Lama III",-6.209780 ,106.878732,
II,,Pulogadung,Jakarta Timur,Huk Jl. Pisangan Lama III,-6.213811,106.878826,
II,,Pulogadung,Jakarta Timur,"Huk Jl. H. Mughni Kantor Lurah, Jl. Pisangan Lama III",-6.207619 ,106.878674,
II,,Pulogadung,Jakarta Timur,"Sebelah BANK DANAMON, Jl. Pisangan Lama III, Jl. Pisangan Lama III",-6.207068,106.878636,
II,,Pulogadung,Jakarta Timur,"Jl. Jaksa, Jl. Pisangan Lama III",-6.213322 ,106.878842,
II,,Pulogadung,Jakarta Timur,"Jl. Kebembem RT006/RW010 No. 17, Jl. Pisangan Lama II",-6.213322 ,106.878842,
II,,Pulogadung,Jakarta Timur,"Depan Kelurahan Rawamangun, Jl. Rawamangun Muka ",-6.198893,106.881091,
II,,Pulogadung,Jakarta Timur,"Depan Kantor Induk PLN, Jl. Rawamangun Muka ",-6.198866,106.885977,
II,,Pulogadung,Jakarta Timur,"Depan Rumah Makan Pagi Dan Sore, Jl. Rawamangun Muka Timur",-6.197062,106.881913,
II,,Pulogadung,Jakarta Timur,"Depan Toko Material, Jl. Rawamangun Muka Timur",-6.200337,106.882327,
II,,Pulogadung,Jakarta Timur,"Depan Rumah No. 338 B, Jl. Balai Pustaka Barat",-6.200012,106.883119,
II,,Pulogadung,Jakarta Timur,"Depan Rumah Makan Pondok Rawamagun, Jl. Sunan Giri",-6.196625 ,106.882902,
II,,Pulogadung,Jakarta Timur,"Depan Toko Baju Muslim Rabbani, Jl. Pemuda Raya",-6.192816 ,106.884205,
II,,Pulogadung,Jakarta Timur,"Depan SMK 7 Rawamangun, Jl. Tenggiri",-6.197982,106.891977,
II,,Pulogadung,Jakarta Timur,"Depan Indomaret, Jl. Raya Bekasi Timur",-6.211793 ,106.888797,
II,,Pulogadung,Jakarta Timur,"Huk Jl. Pemuda, Jl. Layur Rawamangun",-6.193716,106.898752,
II,,Pulogadung,Jakarta Timur,"SDN 03 / 04 Jati, Jl. Pulo Asem Timur Raya",-6.190635,106.89427,
III,,Cakung,Jakarta Timur,"Depan apotik Khaudi Farma, Optik Safari, Jl. Rajiman  ",-6.204396,106.92276,
III,,Cakung,Jakarta Timur,"PT. Yamaha Motor, Jl. Rajiman  ",-6.19091,106.923217,
III,,Cakung,Jakarta Timur,"Huk Jl. Rawa Buntu / Jl. Pangarengan, Jl. Rajiman  ",-6.199772,106.922203,
III,,Cakung,Jakarta Timur,"Huk Jl. Rawa Badung, Jl. Rajiman  ",-6.20796,106.922742,
III,,Cakung,Jakarta Timur,"Yayasan Sumber Waluyo, Jl. Rajiman  ",-6.1873671,106.9605345,
III,,Cakung,Jakarta Timur,"Fly Over / Huk Jl. Sayuti, Jl. Rajiman  ",-6.212875,106.923637,
III,,Cakung,Jakarta Timur,"Depan apotik / POM, Jl. Rajiman  ",-6.206391,106.922787,
III,,Cakung,Jakarta Timur,"Depan Alfa Mart, Jl. Rajiman  ",-6.199772,106.922203,
III,,Cakung,Jakarta Timur,"Depan Ahass Motor, Jl. Rajiman  ",-6.194031,106.92271,
III,,Cakung,Jakarta Timur,"Dekat PT. Suzuki Motor, Jl. Penggilingan ",-6.192632,106.935582,
III,,Cakung,Jakarta Timur,"SDN 02 & 01 Penggilingan, Jl. Penggilingan ",-6.196504,106.935174,
III,,Cakung,Jakarta Timur,"Depan Klinik 24 Jam Penggilingan, Jl. Penggilingan ",-6.200285,106.935093,
III,,Cakung,Jakarta Timur,"Dekat Pos Pol PIK, Jl. Penggilingan ",-6.20352,106.933577,
III,,Cakung,Jakarta Timur,"Depan Rumah No. 42/No. 140 Laras, Jl. Penggilingan ",-6.190888,106.934645,
III,,Cakung,Jakarta Timur,"Kayu Madura Huk Jl. Merpati, Jl. Penggilingan ",-6.213694,106.939676,
III,,Cakung,Jakarta Timur,"PT. Kimia Farma, Jl. Rawa Gelam V Kawasan Industri",-6.200177,106.91023,
III,,Cakung,Jakarta Timur,"PT. Swardana Grindo Sarana, Jl. Rawa Gelam II Kawasan Industri",-6.199014,106.912172,
III,,Cakung,Jakarta Timur,"Yamaha Musik, Jl. Rawa Gelam II Kawasan Industri",-6.207692,106.919533,
III,,Cakung,Jakarta Timur,"PT. Swardana Grindo Sarana, Fuji Farma, Jl. Rawa Gelam I Kawasan Industri",-6.198409,106.915768,
III,,Cakung,Jakarta Timur,"PT. Media  Farma, Jl. Rawa Gelam Raya V Kawasan industri",-6.201738,106.912751,
III,,Cakung,Jakarta Timur,"Samping Masjid Jayakarta, Jl. Rawa Gelam Raya V Kawasan industri",-6.200685,106.911059,
III,,Cakung,Jakarta Timur,"Huk Jl. Palad, Jl. Rawa Kuning ",-6.20355,106.960089,
III,,Cakung,Jakarta Timur,"Huk Gang Ikhlas, Jl. Rawa Kuning ",-6.207096,106.959357,
III,,Cakung,Jakarta Timur,"Sebrang  Swadaya, Jl. Rawa Kuning ",-6.198438,106.961588,
III,,Cakung,Jakarta Timur,"Yayasan Pendidikan Islam An-Nur, Jl. Rawa Kuning ",-6.191521,106.966589,
III,,Cakung,Jakarta Timur,"Masjid Al-Barkah RW002, Jl. Rawa Kuning ",-6.194802,106.964459,
III,,Cakung,Jakarta Timur,"Pos Pemadam Pl Gadung Kawasan, Jl. Pulo Gadung Kawasan Industri",-6.189303,106.91713,
III,,Cakung,Jakarta Timur,"Pos Polisi Kawasan Industri, Jl. Pulo Gadung Kawasan Industri",-6.182833,106.916646,
III,,Cakung,Jakarta Timur,"Pintu Gerbang Kawasan, Jl. Pulo Gadung Lentut",-6.19207,106.905984,
III,,Cakung,Jakarta Timur,"Samping Sakura, Jl. Pulo Gadung Kambing 2",-6.19766,106.909088,
III,,Cakung,Jakarta Timur,"PT Jakarta, Industrial Estate Pl Gadung , Jl. Pulo Gadung Kambing",-6.194712,106.910808,
III,,Cakung,Jakarta Timur,"PT. Grafindo / Kempoods, Jl. Pulo Gadung Kambing",-6.209992,106.914954,
III,,Cakung,Jakarta Timur,"Depan Perumas Naga, Jl. Pulo Gebang ",-6.209648,106.956894,
III,,Cakung,Jakarta Timur,"Huk Jalan Sahabat, Jl. Pulo Gebang ",-6.212414,106.955875,
III,,Cakung,Jakarta Timur,"Depan Wartel Rafika, Jl. Pulo Gebang ",-6.1968879,106.9496056,
III,,Cakung,Jakarta Timur,"Depan Kantor Lurah Pl Gebang, Jl. Pulo Gebang ",-6.215909,106.954469,
III,,Cakung,Jakarta Timur,"Depan Perum Pulo Gebang Permai, Jl. Pulo Gebang ",-6.196481,106.955375,
III,,Cakung,Jakarta Timur,"Depan Masjid Al-Ikhlas, Jl. Pulo Gebang ",-6.196737,106.955912,
III,,Cakung,Jakarta Timur,"Jl. Swadaya Ujung Menteng, Jl. Bekasi Raya ",-6.188061,106.967752,
III,,Cakung,Jakarta Timur,"PT. Ultrajaya Ujung Menteng, Jl. Bekasi Raya ",-6.19029,106.967119,
III,,Cakung,Jakarta Timur,"PT. Kartika Jaya Ujung Menteng, Jl. Bekasi Raya ",-6.183452,106.938849,
III,,Cakung,Jakarta Timur,"Kabel Metal / Kantor Camat Cakung, Jl. Bekasi Raya ",-6.183875,106.940241,
III,,Cakung,Jakarta Timur,"Samping Polsek lmp merah, Jl. Penggililngan, Jl. Bekasi Raya ",-6.210536,106.891292,
III,,Cakung,Jakarta Timur,"Pasar Cakung Lampu Merah, Jl. Penggilingan, Jl. Bekasi Raya ",-6.182753,106.93447,
III,,Cakung,Jakarta Timur,"Lampu Merah Tugas, Jl. Bekasi Raya ",-6.192458,106.905737,
III,,Cakung,Jakarta Timur,"Klinik Resti Mulya, Jl. Komarudin ",-6.208872,106.941936,
III,,Cakung,Jakarta Timur,"Depan Masjid Al-Rosyin, Jl. Komarudin ",-6.196818,106.942883,
III,,Cakung,Jakarta Timur,"Gang Buntu No76 RT010/RW005 Purbasari, Jl. Komarudin ",-6.20292,106.942587,
III,,Cakung,Jakarta Timur,"Ujung Utara Warteg Barokah RT001/RW005, Jl. Komarudin ",-6.194343,106.943116,
III,,Cakung,Jakarta Timur,"Masjid Muhajirin, Jl. Tipar  Cakung ",-6.170534,106.934779,
III,,Cakung,Jakarta Timur,"Kantor Sektor Pemadam Cakung, Jl. Tipar  Cakung ",-6.148235,106.924442,
III,,Cakung,Jakarta Timur,"Masjid Nurul Huda, Jl. Tipar  Cakung ",-6.176976,106.935941,
III,,Cakung,Jakarta Timur,"Tukang Buah Lampu merah, Jl. Tipar  Cakung ",-6.130234,106.919372,
III,,Cakung,Jakarta Timur,"Depan Kantor Walikotamadya Jakarta Timur, Jl. Sentra Primer ",-6.212927,106.945125,
III,,Cakung,Jakarta Timur,"Huk Jl. Penggilingan, Jl. Sentra Primer ",-6.212237,106.946326,
IV,,Jatinegara,Jakarta Timur,"Kantor Pos Jatinegara, Jl  Matraman Raya ",-6.213909,106.86272,
IV,,Jatinegara,Jakarta Timur,"Depan Pintu Pasar Jatinegara, Jl. Matraman Raya ",-6.215681,106.86622,
IV,,Jatinegara,Jakarta Timur,"Toko Tikungan Bawah Jembatan Penyebrangan, Jl. Matraman Raya ",-6.215485,106.86642,
IV,,Jatinegara,Jakarta Timur,"Dinas Teknis Ex Walikota Jakarta Timur, Jl. Jatinegara Timur",-6.21802,106.868074,
IV,,Jatinegara,Jakarta Timur,"Depan Gedung Pertiwi, Jl. Jatinegara Timur",-6.223109,106.868005,
IV,,Jatinegara,Jakarta Timur,Huk Jl. Jatinegara Timur I,-6.217771,106.867234,
IV,,Jatinegara,Jakarta Timur,"Depan Terminal Kampung Melayu, Jl. Jatinegara Timur",-6.224756,106.866829,
IV,,Jatinegara,Jakarta Timur,"Depan Kantor PU, Jl. Jatinegara Barat",-6.222605,106.865777,
IV,,Jatinegara,Jakarta Timur,"Pintu Pasar Regional Jatinegara, Jl. Jatinegara Barat",-6.216743,106.864064,
IV,,Jatinegara,Jakarta Timur,"Depan TK Colombia, Univ Islam Al-Zahra, Jl. Jatinegara Barat",-6.220098,106.864941,
IV,,Jatinegara,Jakarta Timur,"Jl. Kantor Lurah Bali Mester, Jl. Jatinegara Barat",-6.22034,106.86567,
IV,,Jatinegara,Jakarta Timur,"Toko Setia No. 6, Jl. Jatinegara Barat",-6.215035,106.862443,
IV,,Jatinegara,Jakarta Timur,"BRI Pos Jaga Sebelah Selatan, Jl. Jatinegara Barat II",-6.220073,106.864762,
IV,,Jatinegara,Jakarta Timur,"RS. Hermina, Jl. Jatinegara Barat",-6.220061,106.864756,
IV,,Jatinegara,Jakarta Timur,"Toko Mitra Jaya, Jl. Bekasi Barat",-6.215708,106.867625,
IV,,Jatinegara,Jakarta Timur,"Pos Polisi Rawa Bening, Jl. Bekasi Barat",-6.215446,106.869806,
IV,,Jatinegara,Jakarta Timur,"Penjahit Busar Tailor, Tikungan",-6.215515,106.870279,
IV,,Jatinegara,Jakarta Timur,"Ex Kodim 0505 Jakarta Timur, Jl. Bekasi Barat",-6.215515,106.870279,
IV,,Jatinegara,Jakarta Timur,"Toko Besi Sumber Jaya, Jl. Bekasi  Timur ",-6.214631,106.883062,
IV,,Jatinegara,Jakarta Timur,"LP Cipinang, Jl. Bekasi Timur ",-6.214631,106.883062,
IV,,Jatinegara,Jakarta Timur,Huk Jl. Bekasi Timur IV,-6.215092,106.875796,
IV,,Jatinegara,Jakarta Timur,"Kantor Kejaksaan / Pandawa, Jl. Bekasi Timur IV",-6.217456,106.875713,
IV,,Jatinegara,Jakarta Timur,"Huk Jl. Otista III, Jl. Otista Raya",-6.231825,106.867391,
IV,,Jatinegara,Jakarta Timur,"Toko Sinar Agung Cawang, Jl. Otista Raya",-6.243247,106.868769,
IV,,Jatinegara,Jakarta Timur,"Huk PFN/Film, Jl. Otista Raya",-6.2368208,106.8688738,
IV,,Jatinegara,Jakarta Timur,"Samping Ex BCA, Alfamart, Jl. Otista III RT002/RW007 No. 31",-6.231733,106.870156,
IV,,Jatinegara,Jakarta Timur,"Soto Kudus, Jl. Otista III ",-6.231444,106.874045,
IV,,Jatinegara,Jakarta Timur,"Depan Rumah No. 28 A, Jl. Otista  III RT001/RW005",-6.231583,106.872672,
IV,,Jatinegara,Jakarta Timur,"DPP Hidayahtullah, Jl. Cipinang Cepedak I ",-6.236851,106.871638,
IV,,Jatinegara,Jakarta Timur,"TK Tauladan, Jl. Cipinang Cepedak II",-6.238702,106.871579,
IV,,Jatinegara,Jakarta Timur,"Huk Pos RW003, Jl. Cipinang Cepedak II",-6.238509,106.873453,
IV,,Jatinegara,Jakarta Timur,"Huk, Cipinang Cependak III, Jl. Cipinang Cepedak I ",-6.236738,106.875975,
IV,,Jatinegara,Jakarta Timur,"Taman Simanjutak, Jl. Cipinang Cepedak ",-6.238509,106.873453,
IV,,Jatinegara,Jakarta Timur,"Sebelah Timur LP Cipinang, Jl. Cipinang Jaya  ",-6.214516,106.88502,
IV,,Jatinegara,Jakarta Timur,"Pom Bensin 34-13413, Jl. Cipinang Jaya  ",-6.22174,106.885866,
IV,,Jatinegara,Jakarta Timur,"Rumah Makan Sari Idaman, Jl. Cipinang Jaya  ",-6.218868,106.887105,
IV,,Jatinegara,Jakarta Timur,"Huk Jl. Cipinang Jaya Blok LL, Jl. Cipinang Jaya  ",-6.226334,106.883936,
IV,,Jatinegara,Jakarta Timur,"Huk Perum Cipinang Elok, Jl. Cipinang Jaya  ",-6.220455,106.886405,
IV,,Jatinegara,Jakarta Timur,"Univ. Empu Tantular, Jl. Cipinang Besar  ",-6.226056,106.876847,
IV,,Jatinegara,Jakarta Timur,"Depan Kantor Lurah Cipinang Muara, Jl. Cipinang Muara  ",-6.227596,106.886413,
IV,,Jatinegara,Jakarta Timur,"Lampu Merah Tertutup Pedagang, Jl. Cawang Baru ",-6.242343,106.86949,
IV,,Jatinegara,Jakarta Timur,"Depan SMU I, Jl. Cawang Baru ",-6.243544,106.87232,
IV,,Jatinegara,Jakarta Timur,"Huk Biru Laut VIII, Jl. Cawang Baru ",-6.242713,106.873727,
IV,,Jatinegara,Jakarta Timur,"Depan Kantor Telkom, Jl. D.I. Panjaitan",-6.227622,106.875511,
IV,,Jatinegara,Jakarta Timur,"Pasar Gembrong, Jl. D.I. Panjaitan",-6.224507,106.87695,
IV,,Jatinegara,Jakarta Timur,"Depan Toko Genteng Pelita, Jl. D.I. Panjaitan",-6.1551402,106.9439404,
IV,,Jatinegara,Jakarta Timur,"Bioskop Nusantara, Jl. Kebon Pala II",-6.214441,106.861884,
IV,,Jatinegara,Jakarta Timur,"Dekat Kantor Lurah, Jl. Kebon Pala",-6.214646,106.859864,
IV,,Jatinegara,Jakarta Timur,"Depan Bank Danamon, Jl. Pasar Utara Jatinegara",-6.220061,106.864756,
IV,,Jatinegara,Jakarta Timur,"Depan Pom Bensin 34-13201, Jl. I Gusti Ngurah Rai",-6.213413,106.893367,
IV,,Jatinegara,Jakarta Timur,"Huk Jl. Panti Asuhan, Jl. Pedati Kampung Melayu",-6.226682,106.8737,
IV,,Jatinegara,Jakarta Timur,"Pasar Ciplak, Jl. Panca Warga, Jl. Raya Kalimalang",-6.236308,106.880651,
V,,Duren sawit,Jakarta Timur,"Huk Raden Inten, Jl. I Gusti Ngurah Rai",-6.216319,106.923804,
V,,Duren sawit,Jakarta Timur,"Depan Rumah Susun, Jl. I Gusti Ngurah Rai",-6.217559,106.930397,
V,,Duren sawit,Jakarta Timur,"Huk Jl. SMU XII Kebon Singkong, Jl. I Gusti Ngurah Rai",-6.213571,106.897691,
V,,Duren sawit,Jakarta Timur,"Huk Jl. Kampung Bulak Raya, Jl. I Gusti Ngurah Rai",-6.216853,106.903749,
V,,Duren sawit,Jakarta Timur,"Stasiun Kereta Api Klender, Jl. I Gusti Ngurah Rai",-6.213498,106.899808,
V,,Duren sawit,Jakarta Timur,"Huk Jl. H. Zaini, Jl. I Gusti Ngurah Rai",-6.214502,106.912106,
V,,Duren sawit,Jakarta Timur,"PMI Jakarta Timur, Jl. I Gusti Ngurah Rai",-6.213983,106.908185,
V,,Duren sawit,Jakarta Timur,"Buaran II Kantor PPP, Jl. I Gusti Ngurah Rai",-6.215544,106.920651,
V,,Duren sawit,Jakarta Timur,"Buaran I , Jl. I Gusti Ngurah Rai",-6.215927,106.92321,
V,,Duren sawit,Jakarta Timur,"Pos Keamanan Pasar Bulak Klender, Jl. I Gusti Ngurah Rai",-6.215174,106.903938,
V,,Duren sawit,Jakarta Timur,"SDN 02 Pondok Bambu, Jl. Pahlawan Revolusi",-6.233595,106.896502,
V,,Duren sawit,Jakarta Timur,"Huk Jl. Kejaksaan, Jl. Pahlawan Revolusi",-6.23814,106.902511,
V,,Duren sawit,Jakarta Timur,"Huk Jl. Poncol, Jl. Pahlawan Revolusi",-6.245108,106.904395,
V,,Duren sawit,Jakarta Timur,"Komplek Bea Cukai Pondok Bambu, Jl. Pahlawan Revolusi",-6.236309,106.897869,
V,,Duren sawit,Jakarta Timur,"Huk Jl. Dermaga Lampu Merah, Jl. Pahlawan Revolusi",-6.219126,106.899633,
V,,Duren sawit,Jakarta Timur,"Sumber Rejeki Motor, Jl. Pahlawan Revolusi",-6.22494,106.898954,
V,,Duren sawit,Jakarta Timur,"Jl. Pondok Bambu Permai, Jl. Pahlawan Revolusi",-6.241225,106.901005,
V,,Duren sawit,Jakarta Timur,"Huk Jl. Cipinang Muara II, Jl. Pahlawan Revolusi",-6.223296,106.899235,
V,,Duren sawit,Jakarta Timur,"Toko Colombia Jembatan Layang, Jl. Pahlawan Revolusi",-6.229595,106.898429,
V,,Duren sawit,Jakarta Timur,"Panti Sosial BDM, Jl. Pahlawan Revolusi",-6.232661,106.896971,
V,,Duren sawit,Jakarta Timur,"Depan Masjid Abidin Pdk Bambu, Jl. Masjid Abidin",-6.229403,106.903882,
V,,Duren sawit,Jakarta Timur,"Jl. Komplek Bina Marga, Jl. Masjid Abidin",-6.229224,106.899952,
V,,Duren sawit,Jakarta Timur,"Sekolah Yayasan YAPMI, Jl. Raden Inten",-6.217601,106.927069,
V,,Duren sawit,Jakarta Timur,"Huk Jl. Pendidikan, Jl. Raden Inten",-6.230616,106.92236,
V,,Duren sawit,Jakarta Timur,"Gedung Wanita, Jl. Raden Inten",-6.240307,106.92168,
V,,Duren sawit,Jakarta Timur,"Under Pass / Pos Pol. Raden Inten, Jl. Raden Inten",-6.247327,106.919732,
V,,Duren sawit,Jakarta Timur,"Gedung GOR, Jl. Raden Inten",-6.223334,106.923256,
V,,Duren sawit,Jakarta Timur,"Bengkel Resmi AC, Jl. Raden Inten",-6.226911,106.92316,
V,,Duren sawit,Jakarta Timur,"Huk Jl. H. Muh. Dahlan, Jl. Raden Inten",-6.246237,106.919646,
V,,Duren sawit,Jakarta Timur,"Huk Perumnas Raya, Jl. Raden Inten",-6.220389,106.923678,
V,,Duren sawit,Jakarta Timur,"Polsek Duren Sawit, Jl. Kalimalang",-6.247908,106.917579,
V,,Duren sawit,Jakarta Timur,"Depan Hero, Jl. Kalimalang",-6.248036,106.926696,
V,,Duren sawit,Jakarta Timur,"Huk Jl. Pondok Kelapa Barat, Jl. Kalimalang",-6.248838,106.93395,
V,,Duren sawit,Jakarta Timur,"Huk Jl. Cipinang Indah, Jl. Kalimalang",-6.217601,106.927069,
V,,Duren sawit,Jakarta Timur,"SMP Putra I, Jl. Kalimalang",-6.245432,106.903429,
V,,Duren sawit,Jakarta Timur,"Lampu Merah Raden Inten, Jl. Raden Inten",-6.247308,106.919848,
V,,Duren sawit,Jakarta Timur,"Kampung Sumur, Jl. Ngurah Rai",-6.213983,106.908185,
V,,Duren sawit,Jakarta Timur,"Huk Jl. Anggrek II Perumnas, Jl. Delima Raya",-6.217601,106.927069,
V,,Duren sawit,Jakarta Timur,"Depan Toko Lucky Perumnas, Jl. Delima Raya",-6.220976,106.926657,
V,,Duren sawit,Jakarta Timur,"Depan Rumah No. 116, Jl. Malaka Raya",-6.225993,106.931133,
V,,Duren sawit,Jakarta Timur,"Depan Apotik BRF Perumnas, Jl. Bunga Rampai",-6.224501,106.933411,
V,,Duren sawit,Jakarta Timur,"Yayasan Widodo Perumnas, Jl. Wijaya Kusuma III",-6.224998,106.932121,
V,,Duren sawit,Jakarta Timur,"Masjid Al-Anan Perumnas, Jl. Nusa Indah II Belakang Pos Pemadam",-6.219522,106.931976,
V,,Duren sawit,Jakarta Timur,"Depan Rumah Susun Perumnas, Jl. Nusa Indah  ",-6.216495,106.928575,
V,,Duren sawit,Jakarta Timur,"Depan Alfa Mart Perumnas, Jl. Wijaya Kusuma  ",-6.225001,106.932157,
V,,Duren sawit,Jakarta Timur,"Depan Bank Mandiri Perumnas, Jl. Raya Teratai Putih",-6.218537,106.931187,
V,,Duren sawit,Jakarta Timur,"Dr. Gigi Winarti Perumnas, Jl. Nusa Indah",-6.217975,106.933908,
V,,Duren sawit,Jakarta Timur,"Depan Pos Pemadam Perumnas, Jl. Bunga Rampai X",-6.222342,106.932967,
V,,Duren sawit,Jakarta Timur,"Depan Swalayan Yuda Perumnas, Jl. Delima Raya",-6.221065,106.926644,
V,,Duren sawit,Jakarta Timur,"Huk Nusa Indah IV Perumnas, Jl. Nusa Indah Raya ",-6.217975,106.933908,
V,,Duren sawit,Jakarta Timur,"Huk Jl. Let Kol Sugiono, Jl. Pondok Kopi Raya",-6.224224,106.9425,
V,,Duren sawit,Jakarta Timur,"Depan RS. Islam Pondok Kopi, Jl. Pondok Kopi Raya",-6.219846,106.940012,
V,,Duren sawit,Jakarta Timur,"Perum Pondok Kopi Indah, Jl. Pondok Kopi Raya",-6.22161,106.941676,
V,,Duren sawit,Jakarta Timur,"Huk Jl. Arabika III Pondok Kopi, Jl. Pondok Kopi Raya",-6.229222,106.9438,
V,,Duren sawit,Jakarta Timur,"Huk Jl. Arabika I / Robusta III, Jl. Pondok Kopi Raya",-6.227497,106.943866,
V,,Duren sawit,Jakarta Timur,"Huk Jl. Pondok Kopi I Blok A Pondok Kopi, Jl. Pondok Kopi Raya",-6.218518,106.939596,
V,,Duren sawit,Jakarta Timur,"Huk Jl. Arabika 8 SD Islam, Jl. Pondok Kopi Raya",-6.230852,106.94308,
V,,Duren sawit,Jakarta Timur,"Perum Pondok Kopi Raya, Jl. Pondok Kopi Raya",-6.244783,106.9425,
V,,Duren sawit,Jakarta Timur,"Depan Kantor Transmigrasi Pondok Kopi, Jl. H. Naman",-6.247615,106.942331,
V,,Duren sawit,Jakarta Timur,"Jl. Swakarsa III Pondok Kopi, Jl. H. Naman",-6.244783,106.9425,
V,,Duren sawit,Jakarta Timur,"Depan Balai Kesenian Pondok Kopi, Jl. H. Naman",-6.241785,106.942646,
V,,Duren sawit,Jakarta Timur,"SMP Negeri 252 Pondok Kopi, Jl. H. Naman",-6.239633,106.942685,
V,,Duren sawit,Jakarta Timur,"Pos Pemadam Pondok Kelapa, Jl. Raya Pondok Kelapa  ",-6.239761,106.934372,
V,,Duren sawit,Jakarta Timur,"Jl. Pondok Kelapa Selatan V Pondok Kelapa, Jl. Pondok Kelapa Selatan",-6.252701,106.935901,
V,,Duren sawit,Jakarta Timur,"Jl. Pondok Kelapa Selatan IV Pondok Kelapa, Jl. Pondok Kelapa Selatan",-6.251577,106.936017,
V,,Duren sawit,Jakarta Timur,"Kursus Stir Mobil / Warung Bu. Haji, Jl. Pondok Kelapa",-6.235944,106.934424,
V,,Duren sawit,Jakarta Timur,"Huk Taman Malaka Selatan, Jl. Pondok Kelapa",-6.232867,106.934791,
V,,Duren sawit,Jakarta Timur,"Depan Rumah No. 44 Pondok Kelapa, Jl. Taman Malaka Selatan  ",-6.230491,106.924017,
V,,Duren sawit,Jakarta Timur,"Yayasan Yahdi, Taman Blok A, Jl. Taman Malaka Utara  ",-6.230648,106.931688,
V,,Duren sawit,Jakarta Timur,"TK. Islam Mutiara, Jl. H. Dogon, Perum DKI",-6.238824,106.938028,
V,,Duren sawit,Jakarta Timur,"Depan PAM Kalimalang Rayon Duren Sawit, Jl. Dermaga Raya",-6.219825,106.902621,
V,,Duren sawit,Jakarta Timur,"Perum Buaran III Duren Sawit, Jl. Dermaga Raya",-6.220735,106.917888,
V,,Duren sawit,Jakarta Timur,"Depan Pasar Duren Sawit, Jl. Dermaga Raya",-6.221108,106.913167,
V,,Duren sawit,Jakarta Timur,"RS. Bersalin Rahim Duren Sawit, Jl. Dermaga Raya",-6.221077,106.909999,
V,,Duren sawit,Jakarta Timur,"Huk Jl. RS. Samadi, Jl. Dermaga Raya",-6.219777,106.902587,
V,,Duren sawit,Jakarta Timur,"SMU Bakti Samudra, Jl. Raya Buaran",-6.2205,106.920872,
V,,Duren sawit,Jakarta Timur,"Huk Jl. Swadaya II Duren Sawit, Jl. Pendidikan  ",-6.229532,106.918916,
V,,Duren sawit,Jakarta Timur,"Huk Jl. Pendidikan I Duren Sawit, Jl. Pendidikan Raya",-6.230208,106.917089,
V,,Duren sawit,Jakarta Timur,"Huk Jl. Pendidikan III Duren Sawit, Jl. Pendidikan Raya",-6.231226,106.92159,
V,,Duren sawit,Jakarta Timur,"Huk Jl. Pendidikan VII Duren Sawit, Jl. Pendidikan Raya",-6.233614,106.921889,
V,,Duren sawit,Jakarta Timur,"Depan Kantor Camat Duren Sawit, Jl. Swadaya",-6.23283,106.917206,
V,,Duren sawit,Jakarta Timur,"Depan Rumah No. 23 Duren Sawit, Jl. Swadaya Kelurahan Lama",-6.23283,106.917206,
V,,Duren sawit,Jakarta Timur,"Huk Jl. Swadaya IV Duren Sawit, Jl. Swadaya",-6.230187,106.917058,
V,,Duren sawit,Jakarta Timur,"TK. Meranti, Jl. Bunga Rampai I, Jl. Kolonel Sukamto",-6.227863,106.926707,
V,,Duren sawit,Jakarta Timur,"POM Bensin 34 - 13916, Jl. Kolonel Sukamto",-6.22096,106.943403,
V,,Duren sawit,Jakarta Timur,"Huk Jl. Bumi Raya VI Duren Sawit, Jl. Kolonel Sugiono",-6.229689,106.910729,
V,,Duren sawit,Jakarta Timur,"Masjid Baitul Rahman Duren Sawit, Jl. Lingkar Luar",-6.226024,106.915525,
V,,Duren sawit,Jakarta Timur,"Depan SD Negeri 10, Jl. Madrasah II  ",-6.223334,106.923256,
V,,Duren sawit,Jakarta Timur,"Pasar Pondok Bambu, Jl. Kejaksaan Raya",-6.238147,106.902556,
V,,Duren sawit,Jakarta Timur,"Jl. Kelapa Sawit I Perum Bylimoon, Jl. Kelapa Sawit Raya  ",-6.243856,106.927631,
V,,Duren sawit,Jakarta Timur,"Huk. Jl. Raden Inten Duren Sawit, Jl. Perum Kimia Farma II  ",-6.243291,106.920172,
V,,Duren sawit,Jakarta Timur,"Huk Jl. Teluk Al-Furu Duren Sawit, Jl. Teluk Mandar",-6.23919,106.909737,
V,,Duren sawit,Jakarta Timur,"Huk Jl. Sulawesi Duren Sawit, Jl. Laut Banda  ",-6.233604,106.913086,
V,,Duren sawit,Jakarta Timur,"Perum Bylimoon Duren Sawit, Jl. Kelapa Sawit Raya",-6.244503,106.92615,
V,,Duren sawit,Jakarta Timur,"Rawa Domba Perum Taman Duren Sawit, Jl. Masjid Al-Wustho",-6.245758,106.913886,
V,,Duren sawit,Jakarta Timur,Telkom Centuri Duren Sawit,-6.245758,106.913886,
V,,Duren sawit,Jakarta Timur,"Depan Rumah No. 52 Duren Sawit, Jl. Masjid Al-Wustho",-6.245496,106.90899,
V,,Duren sawit,Jakarta Timur,"SD Negeri 10 Duren Sawit, Jl. Bulu Perindu, Jl. Masjid Al-Wustho",-6.300283,106.8591,
V,,Duren sawit,Jakarta Timur,"Jl. Bulu Perindu Raya, Jl. SMP Negeri 202",-6.233134,106.906612,
V,,Duren sawit,Jakarta Timur,"Blok G3 No. 13 Duren Sawit, Jl. Selat Makasar  ",-6.240098,106.916917,
V,,Duren sawit,Jakarta Timur,"Blok C / A Pos Hansip Duren Sawit, Jl. Teluk Semangka  ",-6.239816,106.910606,
V,,Duren sawit,Jakarta Timur,"Pos RW, Jl. Bintang Sakti Bylimoon",-6.247024,106.926216,
V,,Duren sawit,Jakarta Timur,Jl. Kelapa Hijau III Perum Bylimoon,-6.245661,106.92918,
V,,Duren sawit,Jakarta Timur,"Depan Kantor Lurah Duren Sawit, Jl. Raya Duren Sawit",-6.231221,106.914176,
V,,Duren sawit,Jakarta Timur,"Jl. Mayang I Masjid Al Muhajirin Perum AL, Jl. Kelapa Kuning Raya",-6.241748,106.922696,
V,,Duren sawit,Jakarta Timur,"Jl. Kelapa Sawit Raya Toko Wakiran, Jl. Mayang I Perum AL",-6.241961,106.925878,
V,,Duren sawit,Jakarta Timur,"Pos Pemadam Kebakaran Pondok Bambu, Jl. Balai Rakyat III",-6.225821,106.902101,
V,,Duren sawit,Jakarta Timur,"Jl. Bulak Tengah II Rumah No. 32, Jl. Bulak Raya Klender",-6.216942,106.903737,
VI,,Makasar,Jakarta Timur,"Asrama Haji, Jl. Raya Pondok Gede",-6.289602,106.886854,
VI,,Makasar,Jakarta Timur,"Depan Intirub, Jl. Cililitan Besar",-6.265605,106.877023,
VI,,Makasar,Jakarta Timur,"Apotik Multi Warna, Jl. Jati Waringin",-6.263353,106.902708,
VI,,Makasar,Jakarta Timur,"Depan Ruko, Jl. Saulawah, Komplek KODAM",-6.248708,106.910969,
VI,,Makasar,Jakarta Timur,"Huk Jl. Senapan Jati Waringin, Jl. Invantri Komplek KODAM",-6.249005,106.91544,
VI,,Makasar,Jakarta Timur,"Depan Kantor Lurah Halim, Jl. Sekadron",-6.26793,106.877357,
VI,,Makasar,Jakarta Timur,"Huk Pangkalan Jati, Jl. Pistol",-6.249005,106.91544,
VI,,Makasar,Jakarta Timur,"Depan Perum Permata Timur I, Jl. Curug Raya Kalimalang",-6.252257,106.92478,
VI,,Makasar,Jakarta Timur,"Masjid Sadatul Muslimin, Jl. Komodor Halim",-6.256816,106.883291,
VI,,Makasar,Jakarta Timur,"Komplek AURI Jl. Pos, Jl. Wirabakti I Komplek AURI",-6.252489,106.91002,
VII,,Kramat Jati,Jakarta Timur,"Gg. Arus Cawang, Jl. Dewi Sartika ",-6.246001,106.867624,
VII,,Kramat Jati,Jakarta Timur,"Ex Ayam Goreng Suharti, Jl. Dewi Sartika ",-6.256152,106.863537,
VII,,Kramat Jati,Jakarta Timur,"Depan Pom Bensin, Jl. Dewi Sartika ",-6.252267,106.8647261,
VII,,Kramat Jati,Jakarta Timur,"Jl. Masjid Bendungan, Jl. Dewi Sartika ",-6.253875,106.864156,
VII,,Kramat Jati,Jakarta Timur,"Lampu merah Kalibata, Jl. Dewi Sartika ",-6.258289,106.863878,
VII,,Kramat Jati,Jakarta Timur,"Depan Santa Lusia / Kawasaki, Jl. Dewi Sartika ",-6.250873,106.86533,
VII,,Kramat Jati,Jakarta Timur,"Depan RS Budi Asih Baru, Jl. Dewi Sartika ",-6.256273,106.863443,
VII,,Kramat Jati,Jakarta Timur,"Huk Jl. Cililitan Kecil, Jl. Dewi Sartika, Cililitan Kecil",-6.260908,106.863788,
VII,,Kramat Jati,Jakarta Timur,"Depan Gg. Sunan RT003/RW004, Jl. Dewi Sartika, Soto Ayam Bangkong",-6.253476,106.864242,
VII,,Kramat Jati,Jakarta Timur,"Huk RS. Polri, Jl. Raya Bogor",-6.269882,106.867361,
VII,,Kramat Jati,Jakarta Timur,"Depan Pusdiskes, Jl. Raya Bogor",-6.276942,106.868891,
VII,,Kramat Jati,Jakarta Timur,"Depan Bengkel Sumber Jaya, Jl. Raya Bogor",-6.34389,106.868532,
VII,,Kramat Jati,Jakarta Timur,"Huk Jl. Kerja Bakti, Jl. Raya Bogor",-6.277631,106.869331,
VII,,Kramat Jati,Jakarta Timur,"PLN Kramatjati, Jl. Raya Bogor",-6.283442,106.871525,
VII,,Kramat Jati,Jakarta Timur,"Lampu merah HEK, Jl. Raya Bogor",-6.287085,106.870828,
VII,,Kramat Jati,Jakarta Timur,"PLN / Trans Halim Cililitan, Jl. Cililitan Besar ",-6.26356,106.867063,
VII,,Kramat Jati,Jakarta Timur,"Huk Jl. Dinas Kebersihan, Jl. Cililitan Besar ",-6.264219,106.870425,
VII,,Kramat Jati,Jakarta Timur,"Penjahit Mojokerto, Jl. Condet Raya, Depan Rindam",-6.298808,106.856127,
VII,,Kramat Jati,Jakarta Timur,"Huk Jl. Manunggal XIII, Jl. Condet Raya ",-6.278118,106.854984,
VII,,Kramat Jati,Jakarta Timur,"Depan Sekolah Adi Luhur, Jl. Condet Raya ",-6.29306,106.855743,
VII,,Kramat Jati,Jakarta Timur,"RS. UKI, Kodam, Jl. Mayjend Sutoyo ",-6.251986,106.872552,
VII,,Kramat Jati,Jakarta Timur,"ASABRI, Jl. Mayjend Sutoyo ",-6.254103,106.871618,
VII,,Kramat Jati,Jakarta Timur,"Depan RS. Budi Asih Lama, Jl. Taman Harapan ",-6.256316,106.863442,
VII,,Kramat Jati,Jakarta Timur,"Depan Rumah Sakit Polri, Jl. RS. Sukamto ",-6.269131,106.870235,
VII,,Kramat Jati,Jakarta Timur,"Jembatan Tol Sebelah Barat, Jl. Kerja Bakti ",-6.276524,106.874215,
VII,,Kramat Jati,Jakarta Timur,"Depan masjid Fatahillah, Jl. Bulak Rantai ",-6.285177,106.869791,
VII,,Kramat Jati,Jakarta Timur,"Depan Rumah Blok G No. 43, Jl. Bulak Rantai Mas IV ",-6.284354,106.868159,
VII,,Kramat Jati,Jakarta Timur,"Depan Rumah Blok G No. 93, Jl. Bulak Rantai ",-6.280766,106.869826,
VII,,Kramat Jati,Jakarta Timur,"Huk Bata Merah IV, Jl. INERBANG, Batu ampar",-6.281922,106.866565,
VII,,Kramat Jati,Jakarta Timur,"Balai Kesehatan Rawinda, Jl. INERBANG Batu Ampar",-6.281582,106.86311,
VII,,Kramat Jati,Jakarta Timur,"Depan Rumah No. 9 Gg. Rukun RT008/RW003, Jl. Raya Kmp. Tengah Gedong",-6.294627,106.860907,
VII,,Kramat Jati,Jakarta Timur,"Depan Pondok Kewera, Jl. Raya Kmp. Tengah Gedong",-6.29782,106.861281,
VII,,Kramat Jati,Jakarta Timur,"Depan Puskesmas Pembina, Jl. Inpres Ujung Kelurahan Tengah",-6.286402,106.862423,
VII,,Kramat Jati,Jakarta Timur,"Depan Rumah Blok G No. 25 RT004/RW002, Jl. Inpres Ujung Kelurahan Tengah",-6.28698,106.867891,
VII,,Kramat Jati,Jakarta Timur,"Depan TK. IGEL RT004/RW002 No. 25, Jl. H. Taiman Pos RW010, Gedong",-6.297903,106.863661,
VII,,Kramat Jati,Jakarta Timur,"Depan Wartel Harun RT009/RW007, Jl. H. Taiman Kampung Tengah",-6.297408,106.865537,
VII,,Kramat Jati,Jakarta Timur,"Depan Rumah No. 34 RT010/RW009, Jl. H. Taiman Gedong",-6.298992,106.86521,
VII,,Kramat Jati,Jakarta Timur,"Depan Kelurahan Gedong, Jl. Raya Gedong ",-6.301578,106.865739,
VII,,Kramat Jati,Jakarta Timur,Masjid Condet Al-Hairat,-6.278867,106.856524,
VII,,Kramat Jati,Jakarta Timur,"Huk Batu Ampar III, Jl. Masjid Condet ",-6.27662,106.860692,
VII,,Kramat Jati,Jakarta Timur,"Huk, Jl. Batu Ampar II",-6.287063,106.858059,
VII,,Kramat Jati,Jakarta Timur,"Depan Dinas Kebersihan, Jl. Mandala V Cililitan",-6.262235,106.870887,
VII,,Kramat Jati,Jakarta Timur,"Depan Komplek Angkatan Darat/Pom Bensin, Jl. Sutoyo  Cililitan ",-6.260679,106.867626,
VII,,Kramat Jati,Jakarta Timur,"Depan Rumah No. 26 RT008/RW008, Jl. Tengah Raya Gedong",-6.29782,106.861281,
VII,,Kramat Jati,Jakarta Timur,"Depan Dealer Mobil Peogeot , Jl. MT. Haryono Interce",-6.242771,106.857968,
VIII,,Ciracas,Jakarta Timur,"Depan Pasar Induk, Jl. Raya Bogor",-6.296444,106.871029,
VIII,,Ciracas,Jakarta Timur,"Gudang Air, Jl. Raya Bogor",-6.299096,106.870526,
VIII,,Ciracas,Jakarta Timur,"Depan Mabes POLRI, Jl. Raya Bogor",-6.388362,106.866932,
VIII,,Ciracas,Jakarta Timur,"BLK Cijantung, Jl. Raya Bogor",-6.310972,106.862652,
VIII,,Ciracas,Jakarta Timur,"Under Pass Pasar Rebo, Jl. Raya Bogor",-6.306573,106.864759,
VIII,,Ciracas,Jakarta Timur,"Depan Apotik, Jl. Raya Ciracas",-6.328444,106.879148,
VIII,,Ciracas,Jakarta Timur,"Depan PT. Nelco, Jl. Raya Ciracas",-6.328049,106.881864,
VIII,,Ciracas,Jakarta Timur,"Jl. Poncol Bengkel Induk, Jl. Raya Ciracas",-6.32635,106.868753,
VIII,,Ciracas,Jakarta Timur,"Jl. Poncol Alfa Mart, Jl. Raya Ciracas",-6.327423,106.868958,
VIII,,Ciracas,Jakarta Timur,"Depan Kantor Kelurahan Ciracas, Jl. Raya Ciracas",-6.328806,106.877506,
VIII,,Ciracas,Jakarta Timur,"Huk Jl. Centex Depan Alfa Midi, Jl. Raya Ciracas",-6.329712,106.875277,
VIII,,Ciracas,Jakarta Timur,"Huk Jl. Sutarjo PT NGK, Jl. Kiwi",-6.338983,106.872042,
VIII,,Ciracas,Jakarta Timur,"PT.  CENTEX, Jl. Centex",-6.325945,106.876692,
VIII,,Ciracas,Jakarta Timur,"Samping RS. Harapan Bunda, Jl. Tanah Merdeka",-6.302932,106.86731,
VIII,,Ciracas,Jakarta Timur,"Depan POM Bensin, Jl. P K P",-6.34048,106.874556,
VIII,,Ciracas,Jakarta Timur,"Kantor Sektor Pemadam Ciracas, Jl. Keong / Poncol",-6.328594,106.878801,
VIII,,Ciracas,Jakarta Timur,"Puskesmas Cibubur, Jl. Cibubur 1",-6.345451,106.873597,
X,,Pasar Rebo,Jakarta Timur,"Depan Susu Bendera, Jl. TB Simatupang",-6.305722,106.864464,
X,,Pasar Rebo,Jakarta Timur,"RS. Pasar Rebo, Jl. TB Simatupang",-6.304528,106.862239,
X,,Pasar Rebo,Jakarta Timur,"PT. MARCK, Jl. TB Simatupang",-6.30333,106.859892,
X,,Pasar Rebo,Jakarta Timur,"Depan Gudeg Bu Mur, Jl. Kesehatan",-6.303108,106.859117,
X,,Pasar Rebo,Jakarta Timur,"Rumah Sakit Cijantung, Jl. Kesehatan Cijantung",-6.307916,106.859232,
X,,Pasar Rebo,Jakarta Timur,"Gereja Cijantung, Jl. Kesehatan Cijantung",-6.312154,106.859911,
X,,Pasar Rebo,Jakarta Timur,"Huk Keong Lampu Merah, Jl. Raya Bogor Km. 26",-6.343322 ,106.868926,
X,,Pasar Rebo,Jakarta Timur,"Pos Pemadam Kalisari, Jl. Kali Sari",-6.339348,106.862791,
X,,Pasar Rebo,Jakarta Timur,"DUMEX Depan Apotik, Jl. Raya Bogor Gandaria",-6.350525,106.865097,
X,,Pasar Rebo,Jakarta Timur,"Huk Cibubur Lampu Merah, Jl. Raya Bogor",-6.343322 ,106.868926,
X,,Pasar Rebo,Jakarta Timur,"Polsek Pasar Rebo, Jl. Raya Bogor",-6.336528,106.868044,
X,,Pasar Rebo,Jakarta Timur,"Huk Kalisari, Jl. Raya Bogor",-6.340549,106.869119,
X,,Pasar Rebo,Jakarta Timur,"Depan Rumah Sakit Carolus, Jl. Raya Bogor Km. 24,5",-6.33986,106.869072,
X,,Pasar Rebo,Jakarta Timur,"Depan PT. Al-Farma, Jl. Raya Bogor PT. Actavis",-6.350525,106.865097,
X,,Pasar Rebo,Jakarta Timur,"Kantor Lurah Gedong, Jl. H. Taiman",-6.301578,106.865739,
X,,Pasar Rebo,Jakarta Timur,"Depan Pos RW 010, Jl. H. Taiman",-6.297879,106.863915,
X,,Pasar Rebo,Jakarta Timur,Jl. Raya Tengah,-6.299117,106.859716,
X,,Pasar Rebo,Jakarta Timur,Jl. Kampung Tengah,-6.294627,106.860907,
X,,Pasar Rebo,Jakarta Timur,"Samping Taman Gedung ASRI, Jl. Tengah",-6.297964,106.861286,
I,,Cilincing,Jakarta Utara,"Kantor Camat, Jl. Sungai Landak",-6.1023179,106.9392537,
I,,Cilincing,Jakarta Utara,Jl. Pelabuhan Kali Baru ,-6.1025068,106.9188085,
I,,Cilincing,Jakarta Utara,"JL Raya Cilincing, PT. Airin",-6.1082784,106.9147182,
I,,Cilincing,Jakarta Utara,"SMEA Youl, Jl. Madya Kebantenan ",-6.1200709,106.9307994,
I,,Cilincing,Jakarta Utara," Kebun Baru Depan SDN 01-02 Pagi, Jl. Raya F",-6.105908,106.9400924,
I,,Cilincing,Jakarta Utara,Jl. Kramat Jaya/Belimbing,-6.1173815,106.9179755,
I,,Cilincing,Jakarta Utara,"Griya Gading Lestari, Jl. Tipar Cakung",-6.1401593,106.9222286,
I,,Cilincing,Jakarta Utara,Jl. Pemadam Kebakaran,-6.1294157,106.9273182,
I,,Cilincing,Jakarta Utara,"Kelurahan, Jl. Rorotan",-6.1524892,106.9563304,
I,,Cilincing,Jakarta Utara,"Depan Kelurahan, Jl. Tipar cakung",-6.1480526,106.9236892,
I,,Cilincing,Jakarta Utara,"PT Jusus, Jl. Cakung Cilincing Raya",-6.1284897,106.9308061,
I,,Cilincing,Jakarta Utara,Jl. Komplek Green Garden,-6.1515599,106.9504631,
I,,Cilincing,Jakarta Utara,Jl. Siak Gapura Bea Cukai,-6.1466719,106.9413717,
I,,Cilincing,Jakarta Utara,"SMK 49, Jl. Sarang Bango",-6.129396,106.9552099,
I,,Cilincing,Jakarta Utara,"Jl. Cilincing Raya, Jl. Cilincing Kelapa dua",-6.1027457,106.9317112,
I,,Cilincing,Jakarta Utara,"HUK Marunda Gg 4, Jl. Marunda Baru",-6.1228905,106.9581228,
I,,Cilincing,Jakarta Utara,"PT. Adi Jaya Wibawa, Jl. Tugu Raya",-6.1256713,106.9191273,
I,,Cilincing,Jakarta Utara,"Depan Gereja Salib Suci, Jl. Tugu Raya",-6.1256713,106.9191273,
I,,Cilincing,Jakarta Utara,Jl. Tugu Raya Depan SMU 52/ Rumah No. 48,-6.1221928,106.9237332,
I,,Cilincing,Jakarta Utara,"Depan Kantor Lurah Semper Barat, Jl. Pemadam ",-6.1298979,106.9266916,
I,,Cilincing,Jakarta Utara,"Depan SD/SMK YASPI, Jl. Komplek Kebersihan",-6.1153505,106.9423099,
I,,Cilincing,Jakarta Utara,Jl. Ujung Kebantenan I/Dewa Kembar,-6.1083194,106.9269389,
I,,Cilincing,Jakarta Utara,Jl. Kalibaru Timur,-6.1032661,106.9292237,
I,,Cilincing,Jakarta Utara,"Depan Yayasan Ampera, Jl. Tipar Cakung",-6.1621547,106.9312271,
I,,Cilincing,Jakarta Utara,"Depan Pos Polisi, Jl. Brantas",-6.1298919,106.9240915,
I,,Cilincing,Jakarta Utara,Jl. Tugu Semper SMP 231,-6.1258464,106.9244541,
I,,Cilincing,Jakarta Utara,Jl. Jampea Lorong XX,-6.1080356,106.8974353,
I,,Cilincing,Jakarta Utara,"Depan Masjid Jami Ataqwa, Jl. Rorotan II",-6.162404,106.9488355,
I,,Cilincing,Jakarta Utara,"Depan Masjid At-Taqwa, Jl. Rorotan, Huk S. Kendal ",-6.151115,106.948879,
II,,Koja,Jakarta Utara,"Depan Kantor Sudin, Jl. Anggrek",-6.115204,106.893526,
II,,Koja,Jakarta Utara,Jl. Sindang,-6.111043,106.899366,
II,,Koja,Jakarta Utara,"Depan Service Mobil, Jl. Plumpang Semper",-6.13008,106.900048,
II,,Koja,Jakarta Utara,"Depan Indomaret, Jl. Plumpang Semper",-6.129955,106.902647,
II,,Koja,Jakarta Utara,"Mandiri, Jl. Plumpang Semper",-6.131245,106.914335,
II,,Koja,Jakarta Utara,"Transmigrasi, Jl. Plumpang Semper",-6.129699,106.91697,
II,,Koja,Jakarta Utara,"Pos Polisi, Jl. Kramat Jaya",-6.114807,106.917116,
II,,Koja,Jakarta Utara,"Marsudirini, Jl. Kramat Jaya",-6.127523,106.917124,
II,,Koja,Jakarta Utara,"Bioskop Jaya, GG 1 D1, Jl. Kramat Jaya",-6.11976,106.916873,
II,,Koja,Jakarta Utara,"Bogasari, Jl. Raya Cilincing",-6.108812,106.90917,
II,,Koja,Jakarta Utara,Jl. Cibanteng Raya,-6.114274,106.897074,
II,,Koja,Jakarta Utara,Jl. Alur Laut Ujung,-6.1285109,106.895456,
II,,Koja,Jakarta Utara,"STM Cikini, Jl. Alur Laut",-6.122265,106.899178,
II,,Koja,Jakarta Utara,"Golkar, Jl. Walang Baru",-6.127967,106.906068,
II,,Koja,Jakarta Utara,Jl. Komplek Pertamina RT007/RW017,-6.118438,106.900282,
II,,Koja,Jakarta Utara,Jl. Labu,-6.116011,106.914336,
II,,Koja,Jakarta Utara,"Sudin Kebersihan, Jl. Alur Laut",-6.125875,106.899188,
II,,Koja,Jakarta Utara,Jl. Mantang,-6.11477,106.908158,
II,,Koja,Jakarta Utara,Jl. Muncang,-6.115724,106.904598,
II,,Koja,Jakarta Utara,Jl. Mawar,-6.11903578,106.90792009,
II,,Koja,Jakarta Utara,"Pasar Lontar, Jl. Mawar",-6.1190917,106.9103939,
II,,Koja,Jakarta Utara,Jl. Waru Huk Kramat Jaya,-6.118611,106.916493,
II,,Koja,Jakarta Utara,Jl. Semangka ,-6.115883,106.91133,
II,,Koja,Jakarta Utara,"Depan Keluruhan Tugu Utara, Jl. Bayangkara",-6.121874,106.913217,
II,,Koja,Jakarta Utara,Jl. Komplek Uka,-6.1243655,106.9135863,
II,,Koja,Jakarta Utara,"Depan Kelurahan Tugu Utara, Jl. Mahoni",-6.121874,106.913217,
II,,Koja,Jakarta Utara,"Jl. Walang Baru Raya, Jl. Walang Baru VII",-6.124757,106.905731,
II,,Koja,Jakarta Utara,"Jl. Plumpang Semper, PLN",-6.131245,106.914335,
II,,Koja,Jakarta Utara,"UI Balai Rakyat, Jl. Plumpang Semper",-6.13136884,106.91394668,
II,,Koja,Jakarta Utara,"Masjid Al-Mutajirin, Jl. Samudra",-6.125336,106.90091,
II,,Koja,Jakarta Utara,"Jl. Mahoni, Jl. Johar",-6.118465,106.913368,
II,,Koja,Jakarta Utara,"Jl. Mantang, Jl Blok L -3",-6.114069,106.908188,
II,,Koja,Jakarta Utara,Jl. Koja,-6.120919,106.916797,
II,,Koja,Jakarta Utara,Jl. Cempaka/Cemara Depan Rumah No. 39,-6.114702,106.895607,
II,,Koja,Jakarta Utara,"Depan Kantor Golkar, Jl. Mindi Raya",-6.115236,106.905992,
II,,Koja,Jakarta Utara,"Depan Sekolahan Al Qiriyah, Jl. Mindi Raya",-6.115449,106.910482,
II,,Koja,Jakarta Utara,"Depan Kantor Lurah Rawa Badak Selatan, Jl. Air Laut",-6.128444,106.899139,
II,,Koja,Jakarta Utara,"Depan Mesjid At Taubah, Jl. Cemara Angin",-6.12961538,106.90366343,
II,,Koja,Jakarta Utara,"Depan SMP Muhammadiah, Jl. Maja/ Mundu",-6.113655,106.910588,
II,,Koja,Jakarta Utara,"Depan Kantor Lurah Lagoa, Jl. Mangga ",-6.113895,106.911002,
II,,Koja,Jakarta Utara,"Depan Apotik Lagoa, Jl. Menteng ",-6.112971,106.912945,
II,,Koja,Jakarta Utara,"Apotik Siswa Farma, Jl. Kesmek",-6.113165,106.917593,
II,,Koja,Jakarta Utara,"Sekretariat RW014, Jl. Kesmek",-6.113316,106.920564,
II,,Koja,Jakarta Utara,"Depan UD. Sumber Ayu, Jl. Kramat Jaya",-6.114807,106.917116,
II,,Koja,Jakarta Utara,"Depan Amlia Enterment, Jl. Mundu Raya/Maja",-6.11745096,106.90351021,
II,,Koja,Jakarta Utara,"RS. Koja, Jl. Ciampea",-6.108186,106.900064,
III ,,Tanjung Priok,Jakarta Utara,"Rita Salon, Jl. H. Amsir",-6.155683,106.867325,
III ,,Tanjung Priok,Jakarta Utara,"Citra Marga, Jl. Yos Sudarso",-6.15835,106.883659,
III ,,Tanjung Priok,Jakarta Utara,"Depan SMP, Jl. Mitra Sunter Boulevard",-6.150387,106.887713,
III ,,Tanjung Priok,Jakarta Utara,"Kantor Prima, Jl. Mitra Sunter Boulevard",-6.149454,106.884863,
III ,,Tanjung Priok,Jakarta Utara,"PAM, Jl. Danau Sunter Indah Barat",-6.152947,106.879462,
III ,,Tanjung Priok,Jakarta Utara,"Sekolahan, Jl. Sunter Mas Barat",-6.157206,106.871359,
III ,,Tanjung Priok,Jakarta Utara,"Isuzu, Jl. Danau Sunter Selatan",-6.145278,106.876563,
III ,,Tanjung Priok,Jakarta Utara,"BCA, Jl. Danau Sunter Selatan",-6.149428,106.884996,
III ,,Tanjung Priok,Jakarta Utara,"Huk TK. Ka Seto, Jl. Sunter Karya Timur",-6.14305,106.872528,
III ,,Tanjung Priok,Jakarta Utara,"Depan RS. PI, Jl. Baru Sunter Permai Raya",-6.130289,106.861711,
III ,,Tanjung Priok,Jakarta Utara,"Bisma 2, Jl. Bisma Raya",-6.13241,106.867967,
III ,,Tanjung Priok,Jakarta Utara,"Pengadilan, Jl. Sunter Baru",-6.126752,106.856634,
III ,,Tanjung Priok,Jakarta Utara,Jl. Bambu Kuning,-6.131463,106.857318,
III ,,Tanjung Priok,Jakarta Utara,Jl. Selat Banda,-6.13318,106.853082,
III ,,Tanjung Priok,Jakarta Utara,"Walikota, Jl. Yos Sudarso",-6.119341,106.893046,
III ,,Tanjung Priok,Jakarta Utara,"Swadaya, Jl. Bugis",-6.115815,106.88795,
III ,,Tanjung Priok,Jakarta Utara,"Al Hidayah, Jl. Sungai Bambu",-6.122694,106.882307,
IV,,Kelapa Gading,Jakarta Utara,"Pos Pemadam, Jl. Peganggasaan Dua",-6.166505,106.920109,
IV,,Kelapa Gading,Jakarta Utara,Jl. Taman Mandiri,-6.1596357,106.9085407,
IV,,Kelapa Gading,Jakarta Utara,"Depan PT. TDW, Jl. Pegangsaan Dua, IGGI",-6.1681438,106.9185805,
IV,,Kelapa Gading,Jakarta Utara,"PT. Master Mbl, Jl. Pegangsaan Dua",-6.1732923,106.9177621,
IV,,Kelapa Gading,Jakarta Utara,Jl. Tabah Raya / Usman - Harun,-6.1601791,106.8854398,
IV,,Kelapa Gading,Jakarta Utara,Jl. Bangun Cipta Sarana,-6.1767308,106.9072388,
IV,,Kelapa Gading,Jakarta Utara,Jl. Tarian Barat,-6.1705554,106.9115608,
IV,,Kelapa Gading,Jakarta Utara,Jl. Tarian Timur,-6.1695571,106.9106656,
IV,,Kelapa Gading,Jakarta Utara,Jl. Kepu Selatan,-6.1682206,106.8457005,
IV,,Kelapa Gading,Jakarta Utara,"Kecamatan, Jl. Raya Timur Boulevard ",-6.162355,106.908247,
IV,,Kelapa Gading,Jakarta Utara,"Jl. Pulau Moro Samping, Jl. Pulau Batam",-6.1593444,106.8896434,
IV,,Kelapa Gading,Jakarta Utara,"Dekat Gardu Pos RW017, Jl. Gading Asri III 1/4",-6.154573,106.911049,
IV,,Kelapa Gading,Jakarta Utara,"Depan Dr. Harijanto B, Jl. Kopyor ",-6.170183,106.903181,
IV,,Kelapa Gading,Jakarta Utara,"Depan PT. AHM, Jl. Pegangsaan Dua ",-6.162151,106.916712,
V,,Pademangan,Jakarta Utara,"Pademangan II, Jl. Pademangan Raya",-6.142757,106.842658,
V,,Pademangan,Jakarta Utara,"Jl. Pademangan Raya, Pademangan VI",-6.1318287,106.8450453,
V,,Pademangan,Jakarta Utara,"Jl. Pademangan II, Gang XII",-6.1398692,106.8424276,
V,,Pademangan,Jakarta Utara,"Jl. Pademangan V, Gang XII",-6.138278,106.839897,
V,,Pademangan,Jakarta Utara,"Telkom, Jl. Pademangan III",-6.1397287,106.8414422,
V,,Pademangan,Jakarta Utara,Jl. Hidup Baru,-6.139929,106.8355982,
V,,Pademangan,Jakarta Utara,Jl. Waspada Raya,-6.136719,106.8384621,
V,,Pademangan,Jakarta Utara,Jl. Mangga Dua,-6.1345702,106.8279123,
V,,Pademangan,Jakarta Utara,"A.L, Jl. Gunung Sahari",-6.1339506,106.832622,
V,,Pademangan,Jakarta Utara,"Rel Kereta Api, Jl. Gunung Sahari",-6.133827,106.831739,
V,,Pademangan,Jakarta Utara,Jl. Kampung Bandan ,-6.1345035,106.8177313,
V,,Pademangan,Jakarta Utara,"Pos Pemadam, Jl. Budi Mulya",-6.131134,106.8406826,
V,,Pademangan,Jakarta Utara,"JMC, Jl. Lodan Raya",-6.1310942,106.8233809,
V,,Pademangan,Jakarta Utara,Jl. Parang Tritis,-6.1285105,106.8213068,
VI,,Penjaringan,Jakarta Utara,"Berdikari, Jl. Raya Teluk Gong ",-6.138146,106.7808806,
VI,,Penjaringan,Jakarta Utara,Jl. Kampung Gusti,-6.1399966,106.7777538,
VI,,Penjaringan,Jakarta Utara,Jl. Komplek Duta Harapan Indah,-6.1361499,106.7731099,
VI,,Penjaringan,Jakarta Utara,"PPL, Jl. Pluit Selatan",-6.1245455,106.7967916,
VI,,Penjaringan,Jakarta Utara,Jl. Pluit Sakti Raya,-6.122267,106.788585,
VI,,Penjaringan,Jakarta Utara,Jl. Pluit Barat Terusan,-6.120757,106.784276,
VI,,Penjaringan,Jakarta Utara,Jl. Pluit Muara Karang,-6.1166147,106.7795043,
VI,,Penjaringan,Jakarta Utara,"Jl. Tanah Merah, Pasir, Tanjung Wangi  ",-6.1294792,106.788468,
VI,,Penjaringan,Jakarta Utara,"Jl. Jembatan Tiga, Perempatan",-6.126953,106.792239,
VI,,Penjaringan,Jakarta Utara,"Jl. Bandengan Utara, Pioner",-6.137426,106.790361,
VI,,Penjaringan,Jakarta Utara,"Jl. Gedong Panjang, Sukarela",-6.130657,106.804443,
VI,,Penjaringan,Jakarta Utara,"Jl. Gedong Panjang, Tanah Pasir",-6.1303086,106.7989683,
VI,,Penjaringan,Jakarta Utara,"Jl. Muara Baru, Foto Studio",-6.117416,106.8032875,
VI,,Penjaringan,Jakarta Utara,Jl. Muara Baru Ujung,-6.1104419,106.8026439,
VI,,Penjaringan,Jakarta Utara,"Jl. Pasar Ikan, Musium",-6.1265081,106.8082729,
VI,,Penjaringan,Jakarta Utara,Jl. Kembung,-6.129528,106.8076033,
