kode,kode_wilayah,wilayah,sektor,nama_sektor,kecamatan,kelurahan,nama_bangunan,jumlah,peruntukan,status,alamat,kode_pos,no_telp,tahun_pembangunan,luas_tanah(m2),luas_bangunan(m2),tahun_rehab_terakhir,nilai_rehab_ta_tahun_2008,rincian_rehab/bangunan,keterangan
1.1,1,Sudin Damkar-PB Kota Administrasi Jakarta Pusat,1,Sektor Gambir,Gambir,Duri Pulo ,Kantor Sudin Jakarta Pusat,1,Kantor Sudin,Dijaga,Jl. KH. Zainul Arifin No. 71,10140,021 6344215-021 6311216,1981,1165,2 lantai 1235,2005,665000000,"Ganti Plafon, Internit, dinding gipsun, Lantai kramik, instalasi listrik, dan pengecetan",
1.11.2,1,Sudin Damkar-PB Kota Administrasi Jakarta Pusat,1,Sektor Gambir,Gambir,Cideng,Pos Cideng,1,Pos Pemadam,Dijaga,Jl. Taman Jatibaru,10150,,1976,120,1 lantai 99,2005,13751900,"Torn Air, Pompa Sanyo, Pengecetan, Kusen- kusen.",
1.11.3,1,Sudin Damkar-PB Kota Administrasi Jakarta Pusat,1,Sektor Gambir,Gambir,Gambir ,Pos Set Neg,1,Pos Pemadam,Dijaga,Jl. Veteran,10110,,,,,,,,Gedung Set  Neg Milik Balaikota
1.11.4,1,Sudin Damkar-PB Kota Administrasi Jakarta Pusat,1,Sektor Gambir,Gambir,Gambir ,Pos Balaikota,1,Pos Pemadam,Dijaga,Jl. Merdeka Selatan,10110,021 3822884,1985,110,1 lantai 110,2000,,,
1.11.5,1,Sudin Damkar-PB Kota Administrasi Jakarta Pusat,1,Sektor Gambir,Gambir,Kebon Kelapa ,Belum Tersedia,0,Belum ada Pos/Sektor,None,,10120,,,,,,,,
1.11.6,1,Sudin Damkar-PB Kota Administrasi Jakarta Pusat,1,Sektor Gambir,Gambir,Petojo Utara,Belum Tersedia,0,Belum ada Pos/Sektor,None,,10130,,,,,,,,
1.11.7,1,Sudin Damkar-PB Kota Administrasi Jakarta Pusat,1,Sektor Gambir,Gambir,Petojo Selatan ,Pos Walikota,1,Pos Pemadam,Dijaga,Jl. Tanah Abang  1,10160,,1980,110,1 lantai 99,2005,7805638,"Pemasangan Pompa Air, Internit, dan Pengecatan.",
1.12.1,1,Sudin Damkar-PB Kota Administrasi Jakarta Pusat,2,Sektor Tanah Abang,Tanah Abang,Kampung Bali ,Pos Tanah Abang / Pos Kampung Bali,1,Pos Pemadam,Dijaga,Jl. Fachrudin,10250,,2007,140,2 lantai 180,,,,
1.12.2,1,Sudin Damkar-PB Kota Administrasi Jakarta Pusat,2,Sektor Tanah Abang,Tanah Abang,Kebon Melati ,Pos Kebon Melati,1,Pos Pemadam,Dijaga,Jl. Awaludin,10230,,1981,210,1 lantai 99,2005,21176900,"Ganti Kusen, Internit, Pengecatan, Pasang Pompa Sanyo, dan pintu.",
1.12.3,1,Sudin Damkar-PB Kota Administrasi Jakarta Pusat,2,Sektor Tanah Abang,Tanah Abang,Kebon Kacang ,Belum Tersedia,0,Belum ada Pos/Sektor,None,,10240,,,,,,,,
1.12.4,1,Sudin Damkar-PB Kota Administrasi Jakarta Pusat,2,Sektor Tanah Abang,Tanah Abang,Bendungan Hilir ,Pos Karet/ Pos Ben Hil,1,Pos Pemadam,Dijaga,Jl. Penjernihan Raya,10210,,1977,243,1 lantai 99,2007,24634800,"Ganti kusen aluminium, internit, tambah daya listrik, dan pengecatan.",
1.12.5,1,Sudin Damkar-PB Kota Administrasi Jakarta Pusat,2,Sektor Tanah Abang,Tanah Abang,Gelora ,Pos MPR / DPR,1,Pos Pemadam,Dijaga,Jl. Gatot Subroto,10270,,1993,75,1 lantai 75,1998,,,Milik MPR / DPR
1.12.6,1,Sudin Damkar-PB Kota Administrasi Jakarta Pusat,2,Sektor Tanah Abang,Tanah Abang,Karet Tengsin,Pos Karet ,0,Belum ada Pos/Sektor,None,,10220,,,,,,,,
1.12.7,1,Sudin Damkar-PB Kota Administrasi Jakarta Pusat,2,Sektor Tanah Abang,Tanah Abang,Petamburan ,Belum Tersedia,0,Belum ada Pos/Sektor,None,,10260,,,,,,,,
1.13.1,1,Sudin Damkar-PB Kota Administrasi Jakarta Pusat,3,Sektor Menteng,Menteng,Menteng ,Pos TIM,0,Belum ada Pos/Sektor,None,,10310,,,,,,,,
1.13.2,1,Sudin Damkar-PB Kota Administrasi Jakarta Pusat,3,Sektor Menteng,Menteng,Pegangsaan ,Belum Tersedia,0,Belum ada Pos/Sektor,None,,10320,,,,,,,,
1.13.3,1,Sudin Damkar-PB Kota Administrasi Jakarta Pusat,3,Sektor Menteng,Menteng,Cikini ,Pos T I M/ Pos Cikini,1,Pos Pemadam,Dijaga,Jl. Cikini Raya,10330,,1958,99,1 lantai 99,2007,49514300,"Tambah ruang istirahat, ganti kusen, internit dan pengecatan.",Tanah Milik TIM
1.13.4,1,Sudin Damkar-PB Kota Administrasi Jakarta Pusat,3,Sektor Menteng,Menteng,Gondangdia ,Belum Tersedia,0,Belum ada Pos/Sektor,None,,10350,,,,,,,,
1.13.5,1,Sudin Damkar-PB Kota Administrasi Jakarta Pusat,3,Sektor Menteng,Menteng,Kebon Sirih ,Belum Tersedia,0,Belum ada Pos/Sektor,None,,10340,,,,,,,,
1.14,1,Sudin Damkar-PB Kota Administrasi Jakarta Pusat,4,Sektor Johar Baru,Johar Baru,Johar Baru ,Kantor Sektor Johar Baru,1,Kantor Sektor,Dijaga,Jl. Johar Baru Utara 1,10560,021 4200508,2004,500,2 lantai 480,,1376434000,Pembangunan Baru,
1.14.2,1,Sudin Damkar-PB Kota Administrasi Jakarta Pusat,4,Sektor Johar Baru,Johar Baru,Kampung Rawa ,Belum Tersedia,0,Belum ada Pos/Sektor,None,,10550,,,,,,,,
1.14.3,1,Sudin Damkar-PB Kota Administrasi Jakarta Pusat,4,Sektor Johar Baru,Johar Baru,Galur ,Belum Tersedia,0,Belum ada Pos/Sektor,None,,10530,,,,,,,,
1.14.4,1,Sudin Damkar-PB Kota Administrasi Jakarta Pusat,4,Sektor Johar Baru,Johar Baru,Tanah Tinggi ,Belum Tersedia,0,Belum ada Pos/Sektor,None,,10540,,,,,,,,
1.15,1,Sudin Damkar-PB Kota Administrasi Jakarta Pusat,5,Sektor Cempaka Putih,Cempaka Putih,Cempaka Putih Timur ,Kantor Sektor Cempaka Putih,1,Kantor Sektor,Dijaga,Jl. Komplek Rawakerbo/Rawasari RT. 12 RW. 002,10510,021 42802686,2009,,,,,,
1.15.2,1,Sudin Damkar-PB Kota Administrasi Jakarta Pusat,5,Sektor Cempaka Putih,Cempaka Putih,Cempaka Putih Barat ,Pos Cempaka Putih,1,Pos Pemadam,Dijaga,Jl. Cempaka Putih Barat Raya  ,10520,,1992,280,1 lantai 99,2005,115412000,"Tambah ruang istirahat,  pengecatan.internit, dan kusen - kusen.",
1.15.3,1,Sudin Damkar-PB Kota Administrasi Jakarta Pusat,5,Sektor Cempaka Putih,Cempaka Putih,Rawasari ,Pos Rawa Kebo,0,Belum ada Pos/Sektor,None,,10570,,,,,,,,
1.16.1,1,Sudin Damkar-PB Kota Administrasi Jakarta Pusat,6,Sektor Kemayoran,Kemayoran,Kemayoran ,Kantor Sektor Kemayoran,1,Kantor Sektor,Dijaga,Jl. Angkasa Pura  Raya Blok Bii No. 3 Kota Baru Bandar Kemayoran,10620,021 65866642,2004,1500,3 lantai 720,,2354672000,Pembangunan Baru,
1.16.2,1,Sudin Damkar-PB Kota Administrasi Jakarta Pusat,6,Sektor Kemayoran,Kemayoran,Gunung Sahari Selatan ,Belum Tersedia,0,Belum ada Pos/Sektor,None,,10610,,,,,,,,
1.16.3,1,Sudin Damkar-PB Kota Administrasi Jakarta Pusat,6,Sektor Kemayoran,Kemayoran,Kebon Kosong ,Belum Tersedia,0,Belum ada Pos/Sektor,None,,10630,,,,,,,,
1.16.4,1,Sudin Damkar-PB Kota Administrasi Jakarta Pusat,6,Sektor Kemayoran,Kemayoran,Serdang ,Pos Serdang,1,Pos Pemadam,Dijaga,Jl. Lapangan Poros Raya Rt. 006/004,10650,,1990,270,1 lanati 99,2005,704999000,"Bongkar kap.ganti genteng, kusen-kusen pintu, dan pengecatan.",
1.16.5,1,Sudin Damkar-PB Kota Administrasi Jakarta Pusat,6,Sektor Kemayoran,Kemayoran,Harapan Mulia ,Belum Tersedia,0,Belum ada Pos/Sektor,None,,10640,,,,,,,,
1.16.6,1,Sudin Damkar-PB Kota Administrasi Jakarta Pusat,6,Sektor Kemayoran,Kemayoran,Utan Panjang ,Belum Tersedia,0,Belum ada Pos/Sektor,None,,10650,,,,,,,,
1.16.7,1,Sudin Damkar-PB Kota Administrasi Jakarta Pusat,6,Sektor Kemayoran,Kemayoran,Cempaka Baru ,Belum Tersedia,0,Belum ada Pos/Sektor,None,,10640,,,,,,,,
1.16.8,1,Sudin Damkar-PB Kota Administrasi Jakarta Pusat,6,Sektor Kemayoran,Kemayoran,Sumur Batu,Belum Tersedia,0,Belum ada Pos/Sektor,None,,10640,,,,,,,,
1.17.1,1,Sudin Damkar-PB Kota Administrasi Jakarta Pusat,7,Sektor Senen,Senen,Bungur ,Pos Bungur,1,Pos Pemadam,Dijaga,Jl. Bungur Raya,10460,,1963,135,1 lantai 99,2005,64856000,"Bongkar talang datar,ganti asbes, kusen - kusen, internit, dan pengecatan.",
1.17.2,1,Sudin Damkar-PB Kota Administrasi Jakarta Pusat,7,Sektor Senen,Senen,Kenari ,Belum Tersedia,0,Belum ada Pos/Sektor,None,,10430,,,,,,,,
1.17.3,1,Sudin Damkar-PB Kota Administrasi Jakarta Pusat,7,Sektor Senen,Senen,Paseban ,Belum Tersedia,0,Belum ada Pos/Sektor,None,,10440,,,,,,,,
1.17.4,1,Sudin Damkar-PB Kota Administrasi Jakarta Pusat,7,Sektor Senen,Senen,Kramat ,Belum Tersedia,0,Belum ada Pos/Sektor,None,,10450,,,,,,,,
1.17.5,1,Sudin Damkar-PB Kota Administrasi Jakarta Pusat,7,Sektor Senen,Senen,Kwitang ,Belum Tersedia,0,Belum ada Pos/Sektor,None,,10420,,,,,,,,
1.17.6,1,Sudin Damkar-PB Kota Administrasi Jakarta Pusat,7,Sektor Senen,Senen,Senen ,Belum Tersedia,0,Belum ada Pos/Sektor,None,,10410,,,,,,,,
1.18.1,1,Sudin Damkar-PB Kota Administrasi Jakarta Pusat,8,Sektor Sawah Besar,Sawah Besar,Mangga Dua Selatan ,Kantor sektor Mangga Dua,1,Kantor Sektor,Dijaga,Jl. Mangga Dua Dalam 1,10730,021 62203617,2006,920,2 lantai 480,,1600000000,Pembangunan Baru,
1.18.2,1,Sudin Damkar-PB Kota Administrasi Jakarta Pusat,8,Sektor Sawah Besar,Sawah Besar,Pasar Baru ,Pos Pasar Baru,1,Pos Pemadam,Dijaga,Jl. Lautze,10750,,1962,160,1 lantai 99,2007,24689900,"Bongkar talang datar, kusen - kusen, internit, dan pengecatan.",
1.18.3,1,Sudin Damkar-PB Kota Administrasi Jakarta Pusat,8,Sektor Sawah Besar,Sawah Besar,Gunung Sahari Utara ,Belum Tersedia,0,Belum ada Pos/Sektor,None,,10720,,,,,,,,
1.18.4,1,Sudin Damkar-PB Kota Administrasi Jakarta Pusat,8,Sektor Sawah Besar,Sawah Besar,Karang Anyar ,Belum Tersedia,0,Belum ada Pos/Sektor,None,,10740,,,,,,,,
1.18.5,1,Sudin Damkar-PB Kota Administrasi Jakarta Pusat,8,Sektor Sawah Besar,Sawah Besar,Kartini,Belum Tersedia,0,Belum ada Pos/Sektor,None,,10710,,,,,,,,
2.1,2,Sudin Damkar-PB Kota Administrasi Jakarta Utara,1,Sektor Cilincing,Cilincing,Semper Barat,Sudin Baru,1,Kantor Sudin,Dijaga,Jl. Pemadam Kebakaran No. 113,14130,,2006,17000,4 Lantai : 844,,,Pembangunan dilaksanakan oleh Dinas Pemadam Kebakaran Prov DKI Jakarta ,
2.11.1,2,Sudin Damkar-PB Kota Administrasi Jakarta Utara,1,Sektor Cilincing,Cilincing,Semper Barat,Pos Pemadam Semper ,1,Pos Pemadam,Tidak Dijaga,Jl. Semper Barat,14130,,1981,315,1 Lantai :143,,,,Rusak dan kebanjiran - Pertimbangan deket sudin Baru
2.11.2,2,Sudin Damkar-PB Kota Administrasi Jakarta Utara,1,Sektor Cilincing,Cilincing,Kalibaru,Pos Pemadam Rorotan,1,Pos Pemadam,Dijaga,Jl. Kalibaru Timur IX,14110,,1979,312,1 Lantai :143,,,,Rusak
2.11.3,2,Sudin Damkar-PB Kota Administrasi Jakarta Utara,1,Sektor Cilincing,Cilincing,Rorotan,Pos Pemadam Kali baru,1,Pos Pemadam,Dijaga,Jl. Pinus Raya Komp. Green Garden,14140,,1982,560,1 Lantai :143,,,,Rusak / atap bocor
2.11.4,2,Sudin Damkar-PB Kota Administrasi Jakarta Utara,1,Sektor Cilincing,Cilincing,Sukapura,Pos Pemadam Gading Griya/ Pos Sukapura,1,Pos Pemadam,Dijaga,Jl. Gading Griya Lestari,14140,,2004,560,1 Lantai :143,2008,287000000,Rehap Pos Pemadam,Rusak dan Kebanjiran
2.11.5,2,Sudin Damkar-PB Kota Administrasi Jakarta Utara,1,Sektor Cilincing,Cilincing,Cilincing,Belum Tersedia,0,Belum ada Pos/Sektor,None,,14120,,,,,,,,
2.11.6,2,Sudin Damkar-PB Kota Administrasi Jakarta Utara,1,Sektor Cilincing,Cilincing,Semper Timur,Belum Tersedia,0,Belum ada Pos/Sektor,None,,14130,,,,,,,,
2.11.7,2,Sudin Damkar-PB Kota Administrasi Jakarta Utara,1,Sektor Cilincing,Cilincing,Marunda,Belum Tersedia,0,Belum ada Pos/Sektor,None,,14150,,,,,,,,
2.12.1,2,Sudin Damkar-PB Kota Administrasi Jakarta Utara,2,Sektor Koja,Koja,Rawa Badak Utara,Pos Permai,1,Kantor Sektor,Tidak Dijaga,Jl Angrek No.1,14230,,1975,,2 Lantai : 452,2005,203188696,Rehap Gudang dan pengecatan,Rusak dan Banjir
2.12.2,2,Sudin Damkar-PB Kota Administrasi Jakarta Utara,2,Sektor Koja,Koja,Koja,Belum Tersedia,0,Belum ada Pos/Sektor,None,,14210,,,,,,,,
2.12.3,2,Sudin Damkar-PB Kota Administrasi Jakarta Utara,2,Sektor Koja,Koja,Rawa Badak Selatan,Sektor II Permai,0,Belum ada Pos/Sektor,None,,14230,,,,,,,,
2.12.4,2,Sudin Damkar-PB Kota Administrasi Jakarta Utara,2,Sektor Koja,Koja,Lagoa,Belum Tersedia,0,Belum ada Pos/Sektor,None,,14270,,,,,,,,
2.12.5,2,Sudin Damkar-PB Kota Administrasi Jakarta Utara,2,Sektor Koja,Koja,Tugu Utara,Belum Tersedia,0,Belum ada Pos/Sektor,None,,14260,,,,,,,,
2.12.6,2,Sudin Damkar-PB Kota Administrasi Jakarta Utara,2,Sektor Koja,Koja,Tugu Selatan,Belum Tersedia,0,Belum ada Pos/Sektor,None,,14260,,,,,,,,
2.13.1,2,Sudin Damkar-PB Kota Administrasi Jakarta Utara,3,Sektor Tanjung Priok,Tanjung Priok,Tanjung Priok,Belum Tersedia,0,Belum ada Pos/Sektor,None,,14310,,,,,,,,
2.13.2,2,Sudin Damkar-PB Kota Administrasi Jakarta Utara,3,Sektor Tanjung Priok,Tanjung Priok,Sunter Agung,Pos Pemadam Podomoro/ Pos Sunter Agung,1,Pos Pemadam,Dijaga,Jl. Agung Tengah,14350,,1982,210,1 Lantai :143,2004,287000000,"Rehap pos pemadam , peninggian lantai 80 cm",
2.13.3,2,Sudin Damkar-PB Kota Administrasi Jakarta Utara,3,Sektor Tanjung Priok,Tanjung Priok,Sungai Bambu,Pos Pemadam Gaya Motor/ Pos Sungai Bambu,0,Pos Pemadam,Dijaga,Jl. Gaya Motor ,14350,,,210,1 Lantai :143,,,,Milik PT Gaya Motor
2.13.4,2,Sudin Damkar-PB Kota Administrasi Jakarta Utara,3,Sektor Tanjung Priok,Tanjung Priok,Kebon Bawang ,Pos Walikota,1,Pos Pemadam,Tidak Dijaga,Kantor Walikota,14320,,,,,,,,Milik Walikota (belum dijaga)
2.13.5,2,Sudin Damkar-PB Kota Administrasi Jakarta Utara,3,Sektor Tanjung Priok,Tanjung Priok,Warakas,Belum Tersedia,0,Belum ada Pos/Sektor,None,,14340,,,,,,,,
2.13.6,2,Sudin Damkar-PB Kota Administrasi Jakarta Utara,3,Sektor Tanjung Priok,Tanjung Priok,Papanggo,Belum Tersedia,0,Belum ada Pos/Sektor,None,,14340,,,,,,,,
2.13.7,2,Sudin Damkar-PB Kota Administrasi Jakarta Utara,3,Sektor Tanjung Priok,Tanjung Priok,Sunter Jaya,Belum Tersedia,0,Belum ada Pos/Sektor,None,,14350,,,,,,,,
2.14.1,2,Sudin Damkar-PB Kota Administrasi Jakarta Utara,4,Sektor Kelapa Gading,Kelapa Gading,Kelapa Gading Barat,Pos Pemadam Kelapa Gading,1,Pos Pemadam,Dijaga,Jl. Pelepah Indah LC 3,14240,,1995,560,1 Lantai :143,,,,Rusak / atap bocor
2.14.2,2,Sudin Damkar-PB Kota Administrasi Jakarta Utara,4,Sektor Kelapa Gading,Kelapa Gading,Pegangsaan Dua,Pos Pemadam Pegangsaan Dua,1,Pos Pemadam,Dijaga,Jl. Taman Pegangsaan Indah,14250,,1990,535,1 Lantai :143,,,,Rusak Berat
2.14.3,2,Sudin Damkar-PB Kota Administrasi Jakarta Utara,4,Sektor Kelapa Gading,Kelapa Gading,Kelapa Gading Timur,Kantor Sektor Kelapa Gading,1,Kantor Sektor,Dijaga,Jl. Komp. HI No. I ,14240,,,,,,,,
2.15,2,Sudin Damkar-PB Kota Administrasi Jakarta Utara,5,Sektor Pademangan,Pademangan,Ancol,Kantor Sektor Ancol,1,Kantor Sektor,Dijaga,Jl. Ancol Barat VII,14430,,2005,1040,1 Lantai :324,2005,2738506500,Pembangunan Kantor Sektor       ( Peningkatan Pos Menjadi Kantor Sektor ),Belumada mesin penjemur selang
2.15.1,2,Sudin Damkar-PB Kota Administrasi Jakarta Utara,5,Sektor Pademangan,Pademangan,Ancol,Pos Pemadam Bina Ria Ancol,0,Pos Pemadam,Dijaga,Jl. Lodan Timur V,14430,,,510,1 Lantai :143,,,,Milik PT Ancol
2.15.2,2,Sudin Damkar-PB Kota Administrasi Jakarta Utara,5,Sektor Pademangan,Pademangan,Pademangan Timur,Pos Pemadam Pademangan Timur,1,Pos Pemadam,Dijaga,Jl.Pademangan IX,14410,,1990,165,1 Lantai :143,2008,275960000,Rehap Pos Pemadam dan Peninggian,
2.15.3,2,Sudin Damkar-PB Kota Administrasi Jakarta Utara,5,Sektor Pademangan,Pademangan,Pademangan Barat,Pos Pemadam Pademangan Barat,1,Pos Pemadam,Dijaga,Jl. Budi Mulya Raya,14420,,1985,597,1 Lantai :143,,,,Rusak Sedang
2.16.1,2,Sudin Damkar-PB Kota Administrasi Jakarta Utara,6,Sektor Penjaringan,Penjaringan,Pejagalan,Pos Pemadam Teluk Gong/ Pos Pejagalan,1,Pos Pemadam,Dijaga,Jl.Taman Permata Indah,14450,,1983,315,1 Lantai :143,2007,445423050,Rehap Pos Pemadam dan peninggian,
2.16.2,2,Sudin Damkar-PB Kota Administrasi Jakarta Utara,6,Sektor Penjaringan,Penjaringan,Penjaringan,Pos Pemadam Muara Baru,1,Pos Pemadam,Dijaga,Jl. Pelabuhan Perikanan,14440,,1997,304,1 Lantai :143,,,,Rusak dan Banjir
2.16.3,2,Sudin Damkar-PB Kota Administrasi Jakarta Utara,6,Sektor Penjaringan,Penjaringan,Penjaringan,Pos Pemadam Penjaringan,0,Pos Pemadam,Dijaga,Jl. Tanah Merah ,14440,,1990,510,1 Lantai :143,2007,397770550,Rehap Pos Pemadam dan Peninggian,
2.16.4,2,Sudin Damkar-PB Kota Administrasi Jakarta Utara,6,Sektor Penjaringan,Penjaringan,Penjaringan,Pos Pemadam Kamal Muara,1,Pos Pemadam,Dijaga,Jl. Pelabuhan Perikanan,14440,,1997,304,1 Lantai :143,,,,Rusak dan Banjir
2.16.5,2,Sudin Damkar-PB Kota Administrasi Jakarta Utara,6,Sektor Penjaringan,Penjaringan,Kapuk Muara,Pos Pemadam Kapuk Muara,1,Pos Pemadam,Tidak Dijaga,Jl. Komp Pergudangan ,14460,,1990,462,1 Lantai :143,,,,Rusak Berat dikarenakan Banjir / tidak dijaga
2.16.6,2,Sudin Damkar-PB Kota Administrasi Jakarta Utara,6,Sektor Penjaringan,Penjaringan,Pluit,Pos Pluit,1,Pos Pemadam,Dijaga,Jl. Pluit Barat Terusan,14450,,1984,410,1 Lantai :143,2006,435951474,Rehap Pos Pemadam dan peninggian lantai 120 cm,
2.16.7,2,Sudin Damkar-PB Kota Administrasi Jakarta Utara,6,Sektor Penjaringan,Penjaringan,Pluit,Pos Pemadam Muara Angke,0,Pos Pemadam,Dijaga,Jl.Dermaga Pelabuhan,14450,,1975,425,1 Lantai :143,2005,251025053,"Rehap Pos Pemadam, Pagar dan Peninggianlantai 150 cm",
2.16.8,2,Sudin Damkar-PB Kota Administrasi Jakarta Utara,6,Sektor Penjaringan,Penjaringan,Pluit,Pos Pantai Indah Kapuk,0,Pos Pemadam,Tidak Dijaga,Perumahan Pantai Indah Kapuk,14450,,,,,,,,
3.1,3,Sudin Damkar-PB Kota Administrasi Jakarta Barat,1,Sektor Grogol Petamburan,Grogol Petamburan,Tanjung Duren Utara,Kantor Sudin Pemadam Kebakaran,1,Kantor Sudin,Dijaga,Jl Tanjung Duren No. 1 Raya No.1 ,11470,,,4630,5  Lantai : 67601,2008,1650000000,1. Rehap Panggung    2. Peredam Suara          3. Lampu Panggung        4. Pengerasan hal         5. Septik tank              6. Gudang BBM /bkl.     7. Gardu Penjagaan      8. Perawatan ,Lanjutan lantai 5
3.11.1,3,Sudin Damkar-PB Kota Administrasi Jakarta Barat,1,Sektor Grogol Petamburan,Grogol Petamburan,Wijaya Kusuma,Kantor Sektor Grogol Petamburan,1,Kantor Sektor,Dijaga,Jl. Perdana,11460,,2008,848,2 lantai :143,2006,500000000,Rehap Total lanjutan,Peningkatan Pos ke Sektor
3.11.2,3,Sudin Damkar-PB Kota Administrasi Jakarta Barat,1,Sektor Grogol Petamburan,Grogol Petamburan,Tanjung Duren Selatan,Belum Tersedia,0,Belum ada Pos/Sektor,None,,11470,,,,,,,,
3.11.3,3,Sudin Damkar-PB Kota Administrasi Jakarta Barat,1,Sektor Grogol Petamburan,Grogol Petamburan,Tomang,Belum Tersedia,0,Belum ada Pos/Sektor,None,,11440,,,,,,,,
3.11.4,3,Sudin Damkar-PB Kota Administrasi Jakarta Barat,1,Sektor Grogol Petamburan,Grogol Petamburan,Grogol,Belum Tersedia,0,Belum ada Pos/Sektor,None,,11450,,,,,,,,
3.11.5,3,Sudin Damkar-PB Kota Administrasi Jakarta Barat,1,Sektor Grogol Petamburan,Grogol Petamburan,Jelambar,Belum Tersedia,0,Belum ada Pos/Sektor,None,,11460,,,,,,,,
3.11.6,3,Sudin Damkar-PB Kota Administrasi Jakarta Barat,1,Sektor Grogol Petamburan,Grogol Petamburan,Jelambar Baru,Belum Tersedia,0,Belum ada Pos/Sektor,None,,11460,,,,,,,,
3.11.7,3,Sudin Damkar-PB Kota Administrasi Jakarta Barat,1,Sektor Grogol Petamburan,Grogol Petamburan,Wijaya Kusuma,Pos Duta Mas,1,Pos Pemadam,Dijaga,Jl. Komp. Perumahan Duta Mas,11460,,2002,550,1 lantai : 143,2006,,Perawatan,Perawatan 5 Sektor dan 8 Pos Rp. 200.000.000
3.12.1,3,Sudin Damkar-PB Kota Administrasi Jakarta Barat,2,Sektor Palmerah,Palmerah,Palmerah,Pos Palmerah,0,Belum ada Pos/Sektor,None,,11480,,,,,,,,
3.12.2,3,Sudin Damkar-PB Kota Administrasi Jakarta Barat,2,Sektor Palmerah,Palmerah,Slipi,Belum Tersedia,0,Belum ada Pos/Sektor,None,,11410,,,,,,,,
3.12.3,3,Sudin Damkar-PB Kota Administrasi Jakarta Barat,2,Sektor Palmerah,Palmerah,Kemanggisan,Belum Tersedia,0,Belum ada Pos/Sektor,None,,11480,,,,,,,,
3.12.4,3,Sudin Damkar-PB Kota Administrasi Jakarta Barat,2,Sektor Palmerah,Palmerah,Kota Bambu Utara,Belum Tersedia,0,Belum ada Pos/Sektor,None,,11420,,,,,,,,
3.12.5,3,Sudin Damkar-PB Kota Administrasi Jakarta Barat,2,Sektor Palmerah,Palmerah,Kota Bambu Selatan,Belum Tersedia,0,Belum ada Pos/Sektor,None,,11420,,,,,,,,
3.12.6,3,Sudin Damkar-PB Kota Administrasi Jakarta Barat,2,Sektor Palmerah,Palmerah,Jati Pulo,Belum Tersedia,0,Belum ada Pos/Sektor,None,,11430,,,,,,,,
3.13.1,3,Sudin Damkar-PB Kota Administrasi Jakarta Barat,3,Sektor Tambora,Tambora,Roa Malaka,Kantor Sektor Tambora,1,Kantor Sektor,Dijaga,Jl. Tiang Bendera I,11230,021 6918237 - 021 6918238,2004,768,2 lantai 450,2004,,Perawatan,
3.13.2,3,Sudin Damkar-PB Kota Administrasi Jakarta Barat,3,Sektor Tambora,Tambora,Kali Anyar,Pos Angke,0,Belum ada Pos/Sektor,None,,11310,,,,,,,,
3.13.3,3,Sudin Damkar-PB Kota Administrasi Jakarta Barat,3,Sektor Tambora,Tambora,Duri Utara,Belum Tersedia,0,Belum ada Pos/Sektor,None,,11270,,,,,,,,
3.13.4,3,Sudin Damkar-PB Kota Administrasi Jakarta Barat,3,Sektor Tambora,Tambora,Duri Selatan,Belum Tersedia,0,Belum ada Pos/Sektor,None,,11270,,,,,,,,
3.13.5,3,Sudin Damkar-PB Kota Administrasi Jakarta Barat,3,Sektor Tambora,Tambora,Tanah Sereal,Belum Tersedia,0,Belum ada Pos/Sektor,None,,11210,,,,,,,,
3.13.6,3,Sudin Damkar-PB Kota Administrasi Jakarta Barat,3,Sektor Tambora,Tambora,Krendang,Pos Krendang,1,Pos Pemadam,Dijaga,Jl. Krendang Raya,11260,,2005,560,1 lantai : 143,2005,,Perawatan,
3.13.7,3,Sudin Damkar-PB Kota Administrasi Jakarta Barat,3,Sektor Tambora,Tambora,Angke,Belum Tersedia,1,Pos Pemadam,Dijaga,Jl. H. Jamhari,11330,,2005,530,1 lantai : 143,,,Perawatan,
3.13.8,3,Sudin Damkar-PB Kota Administrasi Jakarta Barat,3,Sektor Tambora,Tambora,Jembatan Besi,Belum Tersedia,0,Belum ada Pos/Sektor,None,,11320,,,,,,,,
3.13.9,3,Sudin Damkar-PB Kota Administrasi Jakarta Barat,3,Sektor Tambora,Tambora,Jembatan Lima,Belum Tersedia,0,Belum ada Pos/Sektor,None,,11250,,,,,,,,
3.13.10,3,Sudin Damkar-PB Kota Administrasi Jakarta Barat,3,Sektor Tambora,Tambora,Tambora,Belum Tersedia,0,Belum ada Pos/Sektor,None,,11220,,,,,,,,
3.13.11,3,Sudin Damkar-PB Kota Administrasi Jakarta Barat,3,Sektor Tambora,Tambora,Pekojan,Pos Krendang,0,Belum ada Pos/Sektor,None,,11240,,,,,,,,
3.14.1,3,Sudin Damkar-PB Kota Administrasi Jakarta Barat,4,Sektor Tamansari,Tamansari,Pinangsia,Kantor Sektor Taman Sari,1,Kantor Sektor,Dijaga,Jl. Kemukus ,11110,021 6916503-021 6916504,2005,681,2 lantai : 450,,,Perawatan,
3.14.2,3,Sudin Damkar-PB Kota Administrasi Jakarta Barat,4,Sektor Tamansari,Tamansari,Maphar,Belum Tersedia,0,Belum ada Pos/Sektor,None,,11160,,,,,,,,
3.14.3,3,Sudin Damkar-PB Kota Administrasi Jakarta Barat,4,Sektor Tamansari,Tamansari,Krukut,Belum Tersedia,0,Belum ada Pos/Sektor,None,,11140,,,,,,,,
3.14.4,3,Sudin Damkar-PB Kota Administrasi Jakarta Barat,4,Sektor Tamansari,Tamansari,Tangki,Pos Lokasari,1,Pos Pemadam,Dijaga,Jl. Komp Hiburan Lokasari,11170,021 6253265,,177,1 lantai : 143,,,Perawatan,
3.14.5,3,Sudin Damkar-PB Kota Administrasi Jakarta Barat,4,Sektor Tamansari,Tamansari,Mangga Besar,Belum Tersedia,0,Belum ada Pos/Sektor,None,,11180,,,,,,,,
3.14.6,3,Sudin Damkar-PB Kota Administrasi Jakarta Barat,4,Sektor Tamansari,Tamansari,Keagungan,Belum Tersedia,0,Belum ada Pos/Sektor,None,,11130,,,,,,,,
3.14.7,3,Sudin Damkar-PB Kota Administrasi Jakarta Barat,4,Sektor Tamansari,Tamansari,Glodok,Belum Tersedia,0,Belum ada Pos/Sektor,None,,11120,,,,,,,,
3.15.8,3,Sudin Damkar-PB Kota Administrasi Jakarta Barat,4,Sektor Tamansari,Tamansari,Taman Sari,Belum Tersedia,0,Belum ada Pos/Sektor,None,,11150,,,,,,,,
3.15.1,3,Sudin Damkar-PB Kota Administrasi Jakarta Barat,5,Sektor Kebun Jeruk,Kebun Jeruk,Kebon Jeruk,Kantor Sektor Kebon Jeruk,1,Kantor Sektor,Dijaga,JL. Komp. Perumahan Kebon Jeruk Baru,11530,021 53001113,2006,681,2 lantai: 449,,,Perawatan,
3.15.2,3,Sudin Damkar-PB Kota Administrasi Jakarta Barat,5,Sektor Kebun Jeruk,Kebun Jeruk,Kelapa Dua,Pos Kebon Jeruk  Lama,1,Pos Pemadam,Dijaga,Jl. Kelapa Dua,11550,021 5481113,1980,450,1 lantai : 143,,,Perawatan,
3.15.3,3,Sudin Damkar-PB Kota Administrasi Jakarta Barat,5,Sektor Kebun Jeruk,Kebun Jeruk,Kedoya Utara,Belum Tersedia,0,Belum ada Pos/Sektor,None,,11520,,,,,,,,
3.15.4,3,Sudin Damkar-PB Kota Administrasi Jakarta Barat,5,Sektor Kebun Jeruk,Kebun Jeruk,Kedoya Selatan,Belum Tersedia,0,Belum ada Pos/Sektor,None,,11520,,,,,,,,
3.15.5,3,Sudin Damkar-PB Kota Administrasi Jakarta Barat,5,Sektor Kebun Jeruk,Kebun Jeruk,Sukabumi Utara,Belum Tersedia,0,Belum ada Pos/Sektor,None,,11540,,,,,,,,
3.15.6,3,Sudin Damkar-PB Kota Administrasi Jakarta Barat,5,Sektor Kebun Jeruk,Kebun Jeruk,Sukabumi Selatan,Belum Tersedia,0,Belum ada Pos/Sektor,None,,11560,,,,,,,,
3.15.7,3,Sudin Damkar-PB Kota Administrasi Jakarta Barat,5,Sektor Kebun Jeruk,Kebun Jeruk,Duri Kepa,Belum Tersedia,0,Belum ada Pos/Sektor,None,,11510,,,,,,,,
3.16,3,Sudin Damkar-PB Kota Administrasi Jakarta Barat,6,Sektor Kembangan,Kembangan,Kembangan Selatan,Kantor Sektor Kembangan ,1,Kantor Sektor,Dijaga,Jl. Kembangan Raya,11610,021 58304418,2003,680,2 lantai: 450,2005,,Perawatan,
3.16.1,3,Sudin Damkar-PB Kota Administrasi Jakarta Barat,6,Sektor Kembangan,Kembangan,Kembangan Selatan,Pos Puri Kembangan ,1,Pos Pemadam,Dijaga,Jl. Kembangan Sakti,11610,,1997,480,1 lantai : 143,,,Perawatan,
3.16.2,3,Sudin Damkar-PB Kota Administrasi Jakarta Barat,6,Sektor Kembangan,Kembangan,Joglo,Pos Joglo,1,Pos Pemadam,Dijaga,Jl. Asrama  Sudin Pemadam Jakarta Barat,11640,,1985,560,1 lantai : 143,,,Perawatan,
3.16.3,3,Sudin Damkar-PB Kota Administrasi Jakarta Barat,6,Sektor Kembangan,Kembangan,Srengseng,Belum Tersedia,0,Belum ada Pos/Sektor,None,,11630,,,,,,,,
3.16.4,3,Sudin Damkar-PB Kota Administrasi Jakarta Barat,6,Sektor Kembangan,Kembangan,Maruya Utara,Belum Tersedia,0,Belum ada Pos/Sektor,None,,11620,,,,,,,,
3.16.5,,Sudin Damkar-PB Kota Administrasi Jakarta Barat,7,Sektor Kembangan,Kembangan,Kembangan Utara,Belum Tersedia,0,Belum ada Pos/Sektor,None,,,,,,,,,,
3.16.6,3,Sudin Damkar-PB Kota Administrasi Jakarta Barat,6,Sektor Kembangan,Kembangan,Maruya Selatan,Belum Tersedia,0,Belum ada Pos/Sektor,None,,11650,,,,,,,,
3.17,3,Sudin Damkar-PB Kota Administrasi Jakarta Barat,7,Sektor Cengkareng,Cengkareng,Cengkareng Barat,Kantor Sektor Cengkareng,1,Kantor Sektor,Dijaga,Jl. Taman Palem Lestari,11730,,2003,725,2 lantai : 450,2002,,Perawatan,
3.17.1,3,Sudin Damkar-PB Kota Administrasi Jakarta Barat,7,Sektor Cengkareng,Cengkareng,Cengkareng Barat,Sektor Palem,1,Pos Pemadam,Dijaga,Jl. Kamal Raya,11730,,1990,560,1 lantai : 143,,,Perawatan,
3.17.2,3,Sudin Damkar-PB Kota Administrasi Jakarta Barat,7,Sektor Cengkareng,Cengkareng,Duri Kosambi,Pos Rawa Buaya,1,Pos Pemadam,Dijaga,Jl. Nusa Indah,11750,,1990,560,1 lantai : 143,2003,,Perawatan,
3.17.3,3,Sudin Damkar-PB Kota Administrasi Jakarta Barat,7,Sektor Cengkareng,Cengkareng,Rawa Buaya,Pos Kresek,1,Pos Pemadam,Dijaga,Jl. Hikmah,11740,,1995,418,1 lantai : 143,2008,350000000,Rehap Total,
3.17.4,3,Sudin Damkar-PB Kota Administrasi Jakarta Barat,7,Sektor Cengkareng,Cengkareng,Kedaung Kali Angke,Belum Tersedia,0,Belum ada Pos/Sektor,None,,11710,,,,,,,,
3.17.5,3,Sudin Damkar-PB Kota Administrasi Jakarta Barat,7,Sektor Cengkareng,Cengkareng,Kapuk ,Belum Tersedia,0,Belum ada Pos/Sektor,None,,11720,,,,,,,,
3.17.6,3,Sudin Damkar-PB Kota Administrasi Jakarta Barat,7,Sektor Cengkareng,Cengkareng,Cengkareng Timur,Pos Samsat ,1,Pos Pemadam,Tidak Dijaga,Jl Daan Mogot KM. 13,11730,,,,,,,,
3.18.1,3,Sudin Damkar-PB Kota Administrasi Jakarta Barat,8,Sektor Kalideres,Kalideres,Kalideres,Pos Kalideres,1,Pos Pemadam,Dijaga,Jl. Perum Citra Garden I / Blok E,11840,,1985,850,1 lantai : 143,,,Perawatan,
3.18.2,,Sudin Damkar-PB Kota Administrasi Jakarta Barat,9,Sektor Kalideres,Kalideres,Pegadungan,Pos Pemadam Citra Garden / Pos Pegadungan,1,Pos Pemadam,Dijaga,Jl. Komplek Citra Garden 2,11830,,,,,,,,
3.18.3,3,Sudin Damkar-PB Kota Administrasi Jakarta Barat,8,Sektor Kalideres,Kalideres,Semanan,Belum Tersedia,0,Belum ada Pos/Sektor,None,,11850,,,,,,,,
3.18.4,3,Sudin Damkar-PB Kota Administrasi Jakarta Barat,8,Sektor Kalideres,Kalideres,Tegal Alur,Belum Tersedia,0,Belum ada Pos/Sektor,None,,11820,,,,,,,,
3.18.5,3,Sudin Damkar-PB Kota Administrasi Jakarta Barat,8,Sektor Kalideres,Kalideres,Kamal,Kantor Sektor,1,Kantor Sektor,Dijaga,JL. Komp. Perumahan Citra Garden V,11810,021 5553450,2003,630,2 lantai : 450,2003,,Perawatan,
4.1,4,Sudin Damkar-PB Kota Administrasi Jakarta Selatan,1,Sektor Kebayoran Lama,Kebayoran Lama,Pondok Pinang,Kantor Sudin Jakarta Selatan,1,Kantor Sudin,Dijaga,Jl. Baru Pasar Jum'at /Jalan RA. Kartini,12310,,2007,5126,4043,2007,,,
4.11.2,4,Sudin Damkar-PB Kota Administrasi Jakarta Selatan,1,Sektor Kebayoran Lama,Kebayoran Lama,Grogol Selatan,Belum Tersedia,0,Belum ada Pos/Sektor,None,,12220,,,,,,,,
4.11.3,4,Sudin Damkar-PB Kota Administrasi Jakarta Selatan,1,Sektor Kebayoran Lama,Kebayoran Lama,Kebayoran Lama Selatan,Belum Tersedia,0,Belum ada Pos/Sektor,None,,12240,,,,,,,,
4.11.4,4,Sudin Damkar-PB Kota Administrasi Jakarta Selatan,1,Sektor Kebayoran Baru,Kebayoran Lama,Tanah Kusir,Pos Tanah Kusir,1,Pos Pemadam,Dijaga,Jl.Ciputat Raya,12140,,,,,,,,
4.11.5,4,Sudin Damkar-PB Kota Administrasi Jakarta Selatan,1,Sektor Kebayoran Lama,Kebayoran Lama,Grogol Utara,Pos Grogol Utara,1,Pos Pemadam,Dijaga,Jl. Kebayoran Lama/Palmerah Utara,12210,,2005,310,99,,,,
4.11.6,4,Sudin Damkar-PB Kota Administrasi Jakarta Selatan,1,Sektor Kebayoran Lama,Kebayoran Lama,Cipulir,Pos Cipulir,1,Pos Pemadam,Dijaga,Jl. Cileduk Raya,12230,,1986,469,99,2007,,,
4.12.1,4,Sudin Damkar-PB Kota Administrasi Jakarta Selatan,2,Sektor Kebayoran Baru,Kebayoran Baru,Kebayoran Baru,Pos Kebayoran,1,Pos Pemadam,Dijaga,Jl. Radio IV ,12130,,2007,198,111,2007,,,
4.12.2,4,Sudin Damkar-PB Kota Administrasi Jakarta Selatan,2,Sektor Kebayoran Baru,Kebayoran Baru,Cipete Utara,Belum Tersedia,0,Belum ada Pos/Sektor,None,,12150,,,,,,,,
4.12.3,4,Sudin Damkar-PB Kota Administrasi Jakarta Selatan,2,Sektor Kebayoran Baru,Kebayoran Baru,Gandaria Utara,Belum Tersedia,0,Belum ada Pos/Sektor,None,,,,,,,,,,
4.12.4,4,Sudin Damkar-PB Kota Administrasi Jakarta Selatan,2,Sektor Kebayoran Baru,Kebayoran Baru,Petogogan,Pos Walikota,1,Pos Pemadam,Dijaga,Jl. Prapanca Raya,12170,,2007,,,,,,
4.12.5,4,Sudin Damkar-PB Kota Administrasi Jakarta Selatan,2,Sektor Kebayoran Baru,Kebayoran Baru,Melawai,Belum Tersedia,0,Belum ada Pos/Sektor,None,,12160,,,,,,,,
4.12.6,4,Sudin Damkar-PB Kota Administrasi Jakarta Selatan,2,Sektor Kebayoran Baru,Kebayoran Baru,Gunung,Belum Tersedia,0,Belum ada Pos/Sektor,None,,12120,,,,,,,,
4.12.7,4,Sudin Damkar-PB Kota Administrasi Jakarta Selatan,2,Sektor Kebayoran Baru,Kebayoran Baru,Selong,Belum Tersedia,0,Belum ada Pos/Sektor,None,,12110,,,,,,,,
4.12.8,4,Sudin Damkar-PB Kota Administrasi Jakarta Selatan,2,Sektor Kebayoran Baru,Kebayoran Baru,Rawa Barat,Belum Tersedia,0,Belum ada Pos/Sektor,None,,12180,,,,,,,,
4.12.9,4,Sudin Damkar-PB Kota Administrasi Jakarta Selatan,2,Sektor Kebayoran Baru,Kebayoran Baru,Senayan,Belum Tersedia,0,Belum ada Pos/Sektor,None,,12190,,,,,,,,
4.12.10,4,Sudin Damkar-PB Kota Administrasi Jakarta Selatan,2,Sektor Kebayoran Baru,Kebayoran Baru,Pulo,Belum Tersedia,0,Belum ada Pos/Sektor,None,,12160,,,,,,,,
4.13.1,4,Sudin Damkar-PB Kota Administrasi Jakarta Selatan,3,Sektor Mampang Prapatan,Mampang Prapatan,Kuningan Barat,Sektor Jagakarsa,1,Pos Pemadam,Dijaga,Jl. Kapten Tendean,12710,,,,,,,,
4.13.2,4,Sudin Damkar-PB Kota Administrasi Jakarta Selatan,3,Sektor Mampang Prapatan,Mampang Prapatan,Bangka,Pos Kuningan  Barat,0,Belum ada Pos/Sektor,None,,12730,,,,,,,,
4.13.3,4,Sudin Damkar-PB Kota Administrasi Jakarta Selatan,3,Sektor Mampang Prapatan,Mampang Prapatan,Mampang Prapatan,Belum Tersedia,0,Belum ada Pos/Sektor,None,,12790,,1984,420,99,2005,368750000,,
4.13.4,4,Sudin Damkar-PB Kota Administrasi Jakarta Selatan,3,Sektor Mampang Prapatan,Mampang Prapatan,Pela Mampang,Belum Tersedia,0,Belum ada Pos/Sektor,None,,12720,,,,,,,,
4.13.5,4,Sudin Damkar-PB Kota Administrasi Jakarta Selatan,3,Sektor Mampang Prapatan,Mampang Prapatan,Tegal Parang,Belum Tersedia,0,Belum ada Pos/Sektor,None,,12790,,,,,,,,
4.14.1,4,Sudin Damkar-PB Kota Administrasi Jakarta Selatan,4,Sektor Pesanggrahan,Pesanggrahan,Pesanggrahan,Kantor Sektor Pesanggrahan,1,Kantor Sektor,Dijaga,Jl. Pesanggrahan Indah,12320,021 7360917- 021 73838479,,,,,,,
4.14.2,4,Sudin Damkar-PB Kota Administrasi Jakarta Selatan,4,Sektor Pesanggrahan,Pesanggrahan,Bintaro,Belum Tersedia,0,Belum ada Pos/Sektor,None,,12330,,2003,560,216,,,,
4.14.3,4,Sudin Damkar-PB Kota Administrasi Jakarta Selatan,4,Sektor Pesanggrahan,Pesanggrahan,Ulujami,Belum Tersedia,0,Belum ada Pos/Sektor,None,,12250,,,,,,,,
4.14.4,4,Sudin Damkar-PB Kota Administrasi Jakarta Selatan,4,Sektor Pesanggrahan,Pesanggrahan,Petukangan Utara,Belum Tersedia,0,Belum ada Pos/Sektor,None,,12260,,,,,,,,
4.14.5,4,Sudin Damkar-PB Kota Administrasi Jakarta Selatan,4,Sektor Pesanggrahan,Pesanggrahan,Petukangan Selatan,Belum Tersedia,0,Belum ada Pos/Sektor,None,,12270,,,,,,,,
4.15.1,4,Sudin Damkar-PB Kota Administrasi Jakarta Selatan,5,Sektor Cilandak,Cilandak,Cipete Selatan,Pos Cipete,1,Pos Pemadam,Dijaga,Jl. Melati Raya,12410,,1990,572,95,1992,368750000,Rehap Total,
4.15.2,4,Sudin Damkar-PB Kota Administrasi Jakarta Selatan,5,Sektor Cilandak,Cilandak,Cilandak Barat,Pos Fatmawati,1,Pos Pemadam,Dijaga,Jl. Raya Fatmawati,12430,,1974,450,99,,,,
4.15.3,4,Sudin Damkar-PB Kota Administrasi Jakarta Selatan,5,Sektor Cilandak,Cilandak,Gandaria Selatan,Belum Tersedia,0,Belum ada Pos/Sektor,None,,12420,,,,,,,,
4.15.4,4,Sudin Damkar-PB Kota Administrasi Jakarta Selatan,5,Sektor Cilandak,Cilandak,Pondok Labu,Pos Tanah Kusir,0,Belum ada Pos/Sektor,None,,12450,,,,,,,,
4.15.5,4,Sudin Damkar-PB Kota Administrasi Jakarta Selatan,5,Sektor Cilandak,Cilandak,Lebak Bulus,Belum Tersedia,0,Belum ada Pos/Sektor,None,,12440,,,,,,,,
4.16.1,4,Sudin Damkar-PB Kota Administrasi Jakarta Selatan,6,Sektor Tebet,Tebet,Tebet Barat,Pos Tebet,1,Pos Pemadam,Dijaga,Jl. Prof. Dr. Soepomo,12810,,1972,2750,216,2007,,,
4.16.2,4,Sudin Damkar-PB Kota Administrasi Jakarta Selatan,6,Sektor Tebet,Tebet,Bukit Duri,Belum Tersedia,0,Belum ada Pos/Sektor,None,,12840,,,,,,,,
4.16.3,4,Sudin Damkar-PB Kota Administrasi Jakarta Selatan,6,Sektor Tebet,Tebet,Manggarai Selatan,Belum Tersedia,0,Belum ada Pos/Sektor,None,,12860,,,,,,,,
4.16.4,4,Sudin Damkar-PB Kota Administrasi Jakarta Selatan,6,Sektor Tebet,Tebet,Manggarai ,Belum Tersedia,0,Belum ada Pos/Sektor,None,,12850,,,,,,,,
4.16.5,4,Sudin Damkar-PB Kota Administrasi Jakarta Selatan,6,Sektor Tebet,Tebet,Tebet Timur,Belum Tersedia,0,Belum ada Pos/Sektor,None,,12820,,,,,,,,
4.16.6,4,Sudin Damkar-PB Kota Administrasi Jakarta Selatan,6,Sektor Tebet,Tebet,Kebon Baru,Belum Tersedia,0,Belum ada Pos/Sektor,None,,12830,,,,,,,,
4.16.7,4,Sudin Damkar-PB Kota Administrasi Jakarta Selatan,6,Sektor Tebet,Tebet,Menteng Dalam,Belum Tersedia,0,Belum ada Pos/Sektor,None,,12870,,1995,273,132,,,,
4.17.1,4,Sudin Damkar-PB Kota Administrasi Jakarta Selatan,7,Sektor Setiabudi,Setiabudi,Setiabudi,Belum Tersedia,0,Belum ada Pos/Sektor,None,,12910,,,,,,,,
4.17.2,4,Sudin Damkar-PB Kota Administrasi Jakarta Selatan,7,Sektor Setiabudi,Setiabudi,Kuningan Timur,Belum Tersedia,0,Belum ada Pos/Sektor,None,,12950,,,,,,,,
4.17.3,4,Sudin Damkar-PB Kota Administrasi Jakarta Selatan,7,Sektor Setiabudi,Setiabudi,Karet Kuningan,Belum Tersedia,0,Belum ada Pos/Sektor,None,,12940,,,,,,,,
4.17.4,4,Sudin Damkar-PB Kota Administrasi Jakarta Selatan,7,Sektor Setiabudi,Setiabudi,Karet,Belum Tersedia,0,Belum ada Pos/Sektor,None,,12920,,,,,,,,
4.17.5,4,Sudin Damkar-PB Kota Administrasi Jakarta Selatan,7,Sektor Setiabudi,Setiabudi,Karet Semanggi,Pos Mabes,0,Belum ada Pos/Sektor,None,,12930,,,,,,,,
4.17.6,4,Sudin Damkar-PB Kota Administrasi Jakarta Selatan,7,Sektor Setiabudi,Setiabudi,Guntur,Belum Tersedia,0,Belum ada Pos/Sektor,None,,12980,,,,,,,,
4.17.7,4,Sudin Damkar-PB Kota Administrasi Jakarta Selatan,7,Sektor Setiabudi,Setiabudi,Menteng Atas,Pos Casablangka,1,Pos Pemadam,Dijaga,Jl. RayaCasablanca,12870,,1995,273,132,,,,
4.17.8,4,Sudin Damkar-PB Kota Administrasi Jakarta Selatan,7,Sektor Setiabudi,Setiabudi,Pasar Manggis,Belum Tersedia,0,Belum ada Pos/Sektor,None,,12970,,,,,,,,
4.18.1,4,Sudin Damkar-PB Kota Administrasi Jakarta Selatan,8,Sektor Pancoran,Pancoran,Pancoran,Pos Fatmawati,0,Belum ada Pos/Sektor,None,,12780,,,,,,,,
4.18.2,4,Sudin Damkar-PB Kota Administrasi Jakarta Selatan,8,Sektor Pancoran,Pancoran,Duren Tiga,Belum Tersedia,0,Belum ada Pos/Sektor,None,,12760,,,,,,,,
4.18.3,4,Sudin Damkar-PB Kota Administrasi Jakarta Selatan,8,Sektor Pancoran,Pancoran,Rawajati,Pos Kalibata ,0,Belum ada Pos/Sektor,None,,12750,,,,,,,,
4.18.4,4,Sudin Damkar-PB Kota Administrasi Jakarta Selatan,8,Sektor Pancoran,Pancoran,Pangadegan,Belum Tersedia,0,Belum ada Pos/Sektor,None,,12770,,,,,,,,
4.18.5,4,Sudin Damkar-PB Kota Administrasi Jakarta Selatan,8,Sektor Pancoran,Pancoran,Kalibata,Pos Kalibata ,1,Pos Pemadam,Dijaga,Jl. Pahlawan (Komp. DPR-MPR),12740,,1990,193,99,2007,,,
4.18.6,4,Sudin Damkar-PB Kota Administrasi Jakarta Selatan,8,Sektor Pancoran,Pancoran,Cikoko,Belum Tersedia,0,Belum ada Pos/Sektor,None,,12770,,,,,,,,
4.19.1,4,Sudin Damkar-PB Kota Administrasi Jakarta Selatan,9,Sektor Pasar Minggu,Pasar Minggu,Jatipadang,Kantor sektor Pasar Minggu,1,Kantor Sektor,Dijaga,Jl. Salihara,12540,021 7817886,2008,,,,,,
4.19.2,4,Sudin Damkar-PB Kota Administrasi Jakarta Selatan,9,Sektor Pasar Minggu,Pasar Minggu,Pejaten Barat,Pos Pejaten,1,Pos Pemadam,Dijaga,Jl. Pejaten Raya,12510,,1990,800,99,2007,,,
4.19.3,4,Sudin Damkar-PB Kota Administrasi Jakarta Selatan,9,Sektor Pasar Minggu,Pasar Minggu,Pasar Minggu,Pos Pasar Minggu,1,Pos Pemadam,Dijaga,Jl. Lenteng Agung,12520,,1980,915,,,,,Pembangunan TA. 2008
4.19.4,4,Sudin Damkar-PB Kota Administrasi Jakarta Selatan,9,Sektor Pasar Minggu,Pasar Minggu,Ragunan,Belum Tersedia,0,Belum ada Pos/Sektor,None,,12550,,,,,,,,
4.19.5,4,Sudin Damkar-PB Kota Administrasi Jakarta Selatan,9,Sektor Pasar Minggu,Pasar Minggu,Kebagusan,Belum Tersedia,0,Belum ada Pos/Sektor,None,,12520,,,,,,,,
4.19.6,4,Sudin Damkar-PB Kota Administrasi Jakarta Selatan,9,Sektor Pasar Minggu,Pasar Minggu,Pejaten Timur,Belum Tersedia,0,Belum ada Pos/Sektor,None,,12510,,,,99,2003,,,
4.19.7,4,Sudin Damkar-PB Kota Administrasi Jakarta Selatan,9,Sektor Pasar Minggu,Pasar Minggu,Cilandak Timur,Belum Tersedia,0,Belum ada Pos/Sektor,None,,12560,,,,,,,,
4.20.1,4,Sudin Damkar-PB Kota Administrasi Jakarta Selatan,10,Sektor Jagakarsa,Jagakarsa,Jagakarsa,Kantor Sektor Jagakarsa,1,Kantor Sektor,Dijaga,Jl. M. Kahfi I,12620,021 78883788,2006,1044,216,,462800000,"Pemasangan Turab, Peninggian Halaman, Parkir Motor",
4.20.2,4,Sudin Damkar-PB Kota Administrasi Jakarta Selatan,10,Sektor Jagakarsa,Jagakarsa,Ciganjur,Pos Ciganjur,1,Pos Pemadam,Dijaga,Jl. Brigif,12630,,,,,,,,Swadaya masyarakat / Status dalam Pembangunan TA. 2008
4.20.3,4,Sudin Damkar-PB Kota Administrasi Jakarta Selatan,10,Sektor Jagakarsa,Jagakarsa,Srengseng Sawah,Pos Srengseng Sawah,1,Pos Pemadam,Dijaga,Jl. Srengseh Sawah ,12640,,1995,941,99,1993,,,
4.20.4,4,Sudin Damkar-PB Kota Administrasi Jakarta Selatan,10,Sektor Jagakarsa,Jagakarsa,Cipedak,Belum Tersedia,0,Belum ada Pos/Sektor,None,,12630,,,,,,,,
4.20.5,4,Sudin Damkar-PB Kota Administrasi Jakarta Selatan,10,Sektor Jagakarsa,Jagakarsa,Lenteng Agung,Belum Tersedia,0,Belum ada Pos/Sektor,None,,12610,,,,,,,,
4.20.6,4,Sudin Damkar-PB Kota Administrasi Jakarta Selatan,10,Sektor Jagakarsa,Jagakarsa,Tanjung Barat,Belum Tersedia,0,Belum ada Pos/Sektor,None,,12530,,,,,,,,
5.1,5,Sudin Damkar-PB Kota Administrasi Jakarta Timur,1,Sektor Matraman,Matraman,Kebon Manggis,Kantor Sudin ,1,Kantor Sudin,Dijaga,Jl.Matraman Raya No. 132,13150,021 8582150,1975,1974,766,2006,550000000,,
5.11.2,5,Sudin Damkar-PB Kota Administrasi Jakarta Timur,1,Sektor Matraman,Matraman,Utan Kayu Utara,Pos Utan Kayu,1,Pos Pemadam,Tidak Dijaga,Jl. Pengayoman,13120,,1970,150,110,2002,,,tidak dijaga -1998 (bukan tanah pemda)
5.11.3,5,Sudin Damkar-PB Kota Administrasi Jakarta Timur,1,Sektor Matraman,Matraman,Pal Meriam,Belum Tersedia,0,Belum ada Pos/Sektor,None,,13140,,,,,,,,
5.11.4,5,Sudin Damkar-PB Kota Administrasi Jakarta Timur,1,Sektor Matraman,Matraman,Pisangan Baru,Belum Tersedia,0,Belum ada Pos/Sektor,None,,13110,,,,,,,,
5.11.5,5,Sudin Damkar-PB Kota Administrasi Jakarta Timur,1,Sektor Matraman,Matraman,Kayu Manis,Belum Tersedia,0,Belum ada Pos/Sektor,None,,13130,,,,,,,,
5.11.6,5,Sudin Damkar-PB Kota Administrasi Jakarta Timur,1,Sektor Matraman,Matraman,Utan Kayu Selatan,Belum Tersedia,0,Belum ada Pos/Sektor,None,,13120,,,,,,,,
5.12,5,Sudin Damkar-PB Kota Administrasi Jakarta Timur,2,Sektor Pulogadung,Pulogadung,Jati,Kantor Sektor Pulo Gadung,1,Kantor Sektor,Dijaga,Jl. Pemuda,13220,,2006,982,486,,,,
5.12.1,5,Sudin Damkar-PB Kota Administrasi Jakarta Timur,2,Sektor Pulogadung,Pulogadung,Pulogadung,Pos Pulo Gadung,1,Pos Pemadam,Dijaga,Jl. Pulo Lentut,13260,,1974,320,143,2006,187000000,,
5.12.2,5,Sudin Damkar-PB Kota Administrasi Jakarta Timur,2,Sektor Pulogadung,Pulogadung,Kayu Putih,Pos Pulo Mas,1,Pos Pemadam,Dijaga,Jl. Pulo Mas Barat VI ,13210,,1984,400,150,2007,175000000,,
5.12.3,5,Sudin Damkar-PB Kota Administrasi Jakarta Timur,2,Sektor Pulogadung,Pulogadung,Pisangan Timur,Pos Cipinang,1,Pos Pemadam,Dijaga,Jl. Pasar Induk Cipinang ,13230,,1987,150,150,1993,,,
5.12.4,5,Sudin Damkar-PB Kota Administrasi Jakarta Timur,2,Sektor Pulogadung,Pulogadung,Cipinang,Belum Tersedia,0,Belum ada Pos/Sektor,None,,13240,,,,,,,,
5.12.5,5,Sudin Damkar-PB Kota Administrasi Jakarta Timur,2,Sektor Pulogadung,Pulogadung,Jatinegara Kaum,Belum Tersedia,0,Belum ada Pos/Sektor,None,,13250,,,,,,,,
5.12.6,5,Sudin Damkar-PB Kota Administrasi Jakarta Timur,2,Sektor Pulogadung,Pulogadung,Jatinegara,Belum Tersedia,0,Belum ada Pos/Sektor,None,,0,,,,,,,,
5.12.7,5,Sudin Damkar-PB Kota Administrasi Jakarta Timur,2,Sektor Pulogadung,Pulogadung,Rawamangun,Belum Tersedia,0,Belum ada Pos/Sektor,None,,13220,,,,,,,,
5.13.1,5,Sudin Damkar-PB Kota Administrasi Jakarta Timur,3,Sektor Cakung,Cakung,Cakung Barat,Kantor Sektor Cakung,1,Kantor Sektor,Dijaga,Jl. Raya Tipar Cakung /Cakung Barat,13910,,2006,785,309,,,,
5.13.2,5,Sudin Damkar-PB Kota Administrasi Jakarta Timur,3,Sektor Cakung,Cakung,Jatinegara,Belum Tersedia,0,Belum ada Pos/Sektor,None,,13930,,,,,,,,
5.13.3,5,Sudin Damkar-PB Kota Administrasi Jakarta Timur,3,Sektor Cakung,Cakung,Pulo Gebang,Pos Walikota,1,Pos Pemadam,Dijaga,Jl. Area Kantor Walikota,13950,,1996,400,170,,,,
5.13.4,5,Sudin Damkar-PB Kota Administrasi Jakarta Timur,3,Sektor Cakung,Cakung,Rawa Terate,Pos Cakung,0,Pos Pemadam,Tidak Dijaga,Jl. Raya Bekasi  KM 23,13920,,1974,250,168,2002,,,Tidak dijaga (1999)
5.13.5,5,Sudin Damkar-PB Kota Administrasi Jakarta Timur,3,Sektor Cakung,Cakung,Penggilingan ,Pos PIK,1,Pos Pemadam,Dijaga,Komp. PIK Penggilingan,13940,,1974,290,175,2006,187000000,,
5.13.6,5,Sudin Damkar-PB Kota Administrasi Jakarta Timur,3,Sektor Cakung,Cakung,Ujung Menteng,Belum Tersedia,0,Belum ada Pos/Sektor,None,,13960,,,,,,,,
5.13.7,5,Sudin Damkar-PB Kota Administrasi Jakarta Timur,3,Sektor Cakung,Cakung,Cakung Timur,Belum Tersedia,0,Belum ada Pos/Sektor,None,,13910,,,,,,,,
5.14.1,5,Sudin Damkar-PB Kota Administrasi Jakarta Timur,4,Sektor Jatinegara,Jatinegara,Bidara Cina,Belum Tersedia,0,Belum ada Pos/Sektor,None,,13330,,,,,,,,
5.14.2,5,Sudin Damkar-PB Kota Administrasi Jakarta Timur,4,Sektor Jatinegara,Jatinegara,Cipinang Cimpedak,Pos Jatinegara,0,Belum ada Pos/Sektor,None,,13340,,,,,,,,
5.14.3,5,Sudin Damkar-PB Kota Administrasi Jakarta Timur,4,Sektor Jatinegara,Jatinegara,Cipinang Muara,Belum Tersedia,0,Belum ada Pos/Sektor,None,,13420,,,,,,,,
5.14.4,5,Sudin Damkar-PB Kota Administrasi Jakarta Timur,4,Sektor Jatinegara,Jatinegara,Cipinang Besar Utara,Belum Tersedia,0,Belum ada Pos/Sektor,None,,13410,,,,,,,,
5.14.5,5,Sudin Damkar-PB Kota Administrasi Jakarta Timur,4,Sektor Jatinegara,Jatinegara,Cipinang Besar Selatan,Belum Tersedia,0,Belum ada Pos/Sektor,None,,13410,,,,,,,,
5.14.6,5,Sudin Damkar-PB Kota Administrasi Jakarta Timur,4,Sektor Jatinegara,Jatinegara,Rawa Bunga,Belum Tersedia,0,Belum ada Pos/Sektor,None,,13350,,,,,,,,
5.14.7,5,Sudin Damkar-PB Kota Administrasi Jakarta Timur,4,Sektor Jatinegara,Jatinegara,Bali Mester,Belum Tersedia,0,Belum ada Pos/Sektor,None,,13310,,,,,,,,
5.14.8,5,Sudin Damkar-PB Kota Administrasi Jakarta Timur,4,Sektor Jatinegara,Jatinegara,Kampung Mester/Melayu,Belum Tersedia,0,Belum ada Pos/Sektor,None,,13320,,,,,,,,
5.15.1,5,Sudin Damkar-PB Kota Administrasi Jakarta Timur,5,Sektor Duren Sawit,Duren Sawit,Pondok Kelapa,Pos Duren Sawit,1,Pos Pemadam,Dijaga,Jl. Raya Pondok Kelapa ,13450,,1982,322,150,2005,200000000,,
5.15.2,5,Sudin Damkar-PB Kota Administrasi Jakarta Timur,5,Sektor Duren Sawit,Duren Sawit,Pondok Bambu,Pos Pondok Bambu,1,Pos Pemadam,Dijaga,Jl. Balai Rakyat,13430,,1991,400,180,2005,200000000,,
5.15.3,5,Sudin Damkar-PB Kota Administrasi Jakarta Timur,5,Sektor Duren Sawit,Duren Sawit,Duren Sawit,Pos Pondok Kelapa,1,Pos Pemadam,Dijaga,Jl. Swadaya Area Kelurahan Duren Sawit,13440,,1982,240,180,,,,
5.15.4,5,Sudin Damkar-PB Kota Administrasi Jakarta Timur,5,Sektor Duren Sawit,Duren Sawit,Pondok Kopi,Pos Pondok Kopi,1,Pos Pemadam,Dijaga,Jl. Raya Pondok Kopi,13460,,1991,380,170,2004,100000000,,
5.15.5,5,Sudin Damkar-PB Kota Administrasi Jakarta Timur,5,Sektor Duren Sawit,Duren Sawit,Malaka Jaya,Pos Klender,1,Pos Pemadam,Dijaga,Jl. Bunga Rampai ,13460,,1977,400,170,2004,100000000,,
5.15.6,5,Sudin Damkar-PB Kota Administrasi Jakarta Timur,5,Sektor Duren Sawit,Duren Sawit,Malaka Sari,Belum Tersedia,0,Belum ada Pos/Sektor,None,,13460,,,,,,,,
5.15.7,5,Sudin Damkar-PB Kota Administrasi Jakarta Timur,5,Sektor Duren Sawit,Duren Sawit,Klender,Belum Tersedia,0,Belum ada Pos/Sektor,None,,13470,,,,,,,,
5.16.1,5,Sudin Damkar-PB Kota Administrasi Jakarta Timur,6,Sektor Makasar,Makasar,Kebon Pala,Kantor Sektor Makasar,1,Kantor Sektor,Dijaga,Jl. Delima Raya,13650,,2007,500,216,,,,
5.16.2,5,Sudin Damkar-PB Kota Administrasi Jakarta Timur,6,Sektor Makasar,Makasar,Pinang Ranti,Belum Tersedia,0,Belum ada Pos/Sektor,None,,13560,,,,,,,,
5.16.3,5,Sudin Damkar-PB Kota Administrasi Jakarta Timur,6,Sektor Makasar,Makasar,Makasar,Belum Tersedia,0,Belum ada Pos/Sektor,None,,13570,,,,,,,,
5.16.4,5,Sudin Damkar-PB Kota Administrasi Jakarta Timur,6,Sektor Makasar,Makasar,Halim Perdana Kusuma,Belum Tersedia,0,Belum ada Pos/Sektor,None,,13610,,,,,,,,
5.16.5,5,Sudin Damkar-PB Kota Administrasi Jakarta Timur,6,Sektor Makasar,Makasar,Cipinang Melayu,Belum Tersedia,0,Belum ada Pos/Sektor,None,,13620,,,,,,,,
5.17.1,5,Sudin Damkar-PB Kota Administrasi Jakarta Timur,7,Sektor Kramat Jati,Kramat Jati,Bale Kambang,Belum Tersedia,0,Belum ada Pos/Sektor,None,,13530,,,,,,,,
5.17.2,5,Sudin Damkar-PB Kota Administrasi Jakarta Timur,7,Sektor Kramat Jati,Kramat Jati,Batu Ampar,Pos Batu ampar,1,Pos Pemadam,Dijaga,Jl. Raya Batu Ampar,13520,,2007,399,105,,,,
5.17.3,5,Sudin Damkar-PB Kota Administrasi Jakarta Timur,7,Sektor Kramat Jati,Kramat Jati,Kampung Tengah,Belum Tersedia,0,Belum ada Pos/Sektor,None,,13540,,,,,,,,
5.17.4,5,Sudin Damkar-PB Kota Administrasi Jakarta Timur,7,Sektor Kramat Jati,Kramat Jati,Dukuh,Belum Tersedia,0,Belum ada Pos/Sektor,None,,13550,,,,,,,,
5.17.5,5,Sudin Damkar-PB Kota Administrasi Jakarta Timur,7,Sektor Kramat Jati,Kramat Jati,Kramat Jati,Pos Kramat Jati,1,Pos Pemadam,Tidak Dijaga,Jl Raya Bogor (Polres Ciracas),13510,,1975,190,190,,,,Tidak Dijaga (status tanah...?)
5.17.6,5,Sudin Damkar-PB Kota Administrasi Jakarta Timur,7,Sektor Kramat Jati,Kramat Jati,Cililitan,Belum Tersedia,0,Belum ada Pos/Sektor,None,,13640,,,,,,,,
5.17.7,5,Sudin Damkar-PB Kota Administrasi Jakarta Timur,7,Sektor Kramat Jati,Kramat Jati,Cawang,Belum Tersedia,0,Belum ada Pos/Sektor,None,,13630,,,,,,,,
5.18.1,5,Sudin Damkar-PB Kota Administrasi Jakarta Timur,8,Sektor Ciracas,Ciracas,Ciracas,Kantor Sektor Ciracas,1,Kantor Sektor,Dijaga,Jl. Raya Poncol,13740,021 8703552,2005,873,318,,,,
5.18.2,5,Sudin Damkar-PB Kota Administrasi Jakarta Timur,8,Sektor Ciracas,Ciracas,Susukan,Belum Tersedia,0,Belum ada Pos/Sektor,None,,13750,,,,,,,,
5.18.3,5,Sudin Damkar-PB Kota Administrasi Jakarta Timur,8,Sektor Ciracas,Ciracas,Cibubur,Belum Tersedia,0,Belum ada Pos/Sektor,None,,13720,,,,,,,,
5.18.4,5,Sudin Damkar-PB Kota Administrasi Jakarta Timur,8,Sektor Ciracas,Ciracas,Kelapa Dua Wetan,Pos Poncol,0,Belum ada Pos/Sektor,None,,13730,,,,,,,,
5.18.5,5,Sudin Damkar-PB Kota Administrasi Jakarta Timur,8,Sektor Ciracas,Ciracas,Rambutan,Belum Tersedia,0,Belum ada Pos/Sektor,None,,13830,,,,,,,,
5.18.6,7.1,Sudin Damkar-PB Kota Administrasi Jakarta Timur,8,Sektor Ciracas,Ciracas,Ciracas,Gedung Pos Jaga Yos Sudarso,1,Pos Pemadam,Dijaga,Jl. Raya Ciracas No. 113,13740,,1977,,336,2006,,,
5.18.7,7.3,Sudin Damkar-PB Kota Administrasi Jakarta Timur,8,Sektor Ciracas,Ciracas,Ciracas,Pos Jaga Bengkel Induk ,1,Pos Pemadam,Dijaga,Jl. Raya Poncol Nomor 48,,021 8711302-021 87702462,,,,,,,
5.19.1,5,Sudin Damkar-PB Kota Administrasi Jakarta Timur,9,Sektor Cipayung,Cipayung,Cipayung,Pos Cipayung,1,Pos Pemadam,Dijaga,Jl. Raya Hankam,13840,,1991,370,180,,,,
5.19.2,5,Sudin Damkar-PB Kota Administrasi Jakarta Timur,9,Sektor Cipayung,Cipayung,Ceger,Belum Tersedia,1,Pos Pemadam,Dijaga,Kawasan TMII,13820,021 6409444,1977,400,135,,,,
5.19.3,5,Sudin Damkar-PB Kota Administrasi Jakarta Timur,9,Sektor Cipayung,Cipayung,Lubang Buaya,Pos Lubang Buaya,1,Pos Pemadam,Dijaga,Jl. Masjid Al- Baido,13810,,1995,400,170,2002,,,
5.19.4,5,Sudin Damkar-PB Kota Administrasi Jakarta Timur,9,Sektor Cipayung,Cipayung,Pondok Rangon,Belum Tersedia,0,Belum ada Pos/Sektor,None,,13860,,,,,,,,
5.19.5,5,Sudin Damkar-PB Kota Administrasi Jakarta Timur,9,Sektor Cipayung,Cipayung,Cilangkap,Belum Tersedia,0,Belum ada Pos/Sektor,None,,13870,,,,,,,,
5.19.6,5,Sudin Damkar-PB Kota Administrasi Jakarta Timur,9,Sektor Cipayung,Cipayung,Munjul,Belum Tersedia,0,Belum ada Pos/Sektor,None,,13850,,,,,,,,
5.19.7,5,Sudin Damkar-PB Kota Administrasi Jakarta Timur,9,Sektor Cipayung,Cipayung,Setu,Belum Tersedia,0,Belum ada Pos/Sektor,None,,13880,,,,,,,,
5.19.8,5,Sudin Damkar-PB Kota Administrasi Jakarta Timur,9,Sektor Cipayung,Cipayung,Bambu Apus,Pos Taman Mini,0,Belum ada Pos/Sektor,None,,13890,,,,,,,,
5.20.1,5,Sudin Damkar-PB Kota Administrasi Jakarta Timur,10,Sektor Pasar Rebo,Pasar Rebo,Pekayon,Pos Pekayon,0,Belum ada Pos/Sektor,None,,13710,,,,,,,,
5.20.2,5,Sudin Damkar-PB Kota Administrasi Jakarta Timur,10,Sektor Pasar Rebo,Pasar Rebo,Kalisari,Pos Pekayon,1,Pos Pemadam,Dijaga,Jl. Kalisari,13790,,1985,600,180,2005,200000000,,
5.20.3,5,Sudin Damkar-PB Kota Administrasi Jakarta Timur,10,Sektor Pasar Rebo,Pasar Rebo,Baru,Belum Tersedia,0,Belum ada Pos/Sektor,None,,13780,,,,,,,,
5.20.4,5,Sudin Damkar-PB Kota Administrasi Jakarta Timur,10,Sektor Pasar Rebo,Pasar Rebo,Cijantung,Pos Cijantung,0,Belum ada Pos/Sektor,None,,13770,,,,,,,,
5.20.5,5,Sudin Damkar-PB Kota Administrasi Jakarta Timur,10,Sektor Pasar Rebo,Pasar Rebo,Gedong,Belum Tersedia,0,Belum ada Pos/Sektor,None,,13760,,,,,,,,
0.1,0,Kantor Dinas Pemadam Kebakaran Provinsi DKI Jakarta,none,none,Gambir,Duri Pulo ,Kantor Dinas Pemadam Kebakaran ,1,Kantor Dinas,Dijaga,Jl. K.H. Zainul Arifin No. 71,10140,021 6342036-021 63857364-021 63858213,,,,,,,
6.11.1,6,Kabupaten Administrasi Kep. Seribu,1,Kep. Seribu Utara,Kep. Seribu Utara,Pulau Panggang,Belum Tersedia,0,Belum ada Pos/Sektor,None,Jl. Pulau Pramuka,14530,,,,,,,,Pembangunan Pondasi (TA. 2006)
6.11.2,6,Kabupaten Administrasi Kep. Seribu,1,Kep. Seribu Utara,Kep. Seribu Utara,Pulau Kelapa,Belum Tersedia,0,Belum ada Pos/Sektor,None,,14540,,,,,,,,
6.11.3,6,Kabupaten Administrasi Kep. Seribu,1,Kep. Seribu Utara,Kep. Seribu Utara,Pulau Harapan,Belum Tersedia,0,Belum ada Pos/Sektor,None,,14540,,,,,,,,
6.11.4,6,Kabupaten Administrasi Kep. Seribu,2,Kep. Seribu Selatan,Kep. Seribu Selatan,Pulau Tidung,Belum Tersedia,0,Belum ada Pos/Sektor,None,,14520,,,,,,,,
6.11.5,6,Kabupaten Administrasi Kep. Seribu,2,Kep. Seribu Selatan,Kep. Seribu Selatan,Pulau Pari,Belum Tersedia,0,Belum ada Pos/Sektor,None,,14510,,,,,,,,
6.11.6,6,Kabupaten Administrasi Kep. Seribu,2,Kep. Seribu Selatan,Kep. Seribu Selatan,Pulau Untung Jawa,Belum Tersedia,0,Belum ada Pos/Sektor,None,,14510,,,,,,,,
